id	retained_domains1	lost_domains1	retained_domains2	lost_domains2	retained_domain_names1	lost_domain_names1	retained_domain_names2	lost_domain_names2
1	IPR049147|IPR000684|IPR025799|IPR026737|IPR050998|IPR008814|IPR026058|IPR008853	IPR049147|IPR000684|IPR025799|IPR008814|IPR050998|IPR026737|IPR026058|IPR008853	IPR000684|IPR000354|IPR048452|IPR009443|IPR026737|IPR055306|IPR026086|-	IPR049147|IPR000684|IPR025799|IPR026737|IPR050998|IPR008814|IPR026058|IPR008853	FAM186A, PQQAQ repeat|RNA polymerase II, heptapeptide repeat, eukaryotic|Protein arginine N-methyltransferase|Golgin subfamily A member 6-like|Forkhead box protein P|Dolichyl-diphosphooligosaccharide--protein glycosyltransferase subunit Swp1|LIPIN family|TMEM9/TMEM9B	FAM186A, PQQAQ repeat|RNA polymerase II, heptapeptide repeat, eukaryotic|Protein arginine N-methyltransferase|Dolichyl-diphosphooligosaccharide--protein glycosyltransferase subunit Swp1|Forkhead box protein P|Golgin subfamily A member 6-like|LIPIN family|TMEM9/TMEM9B	RNA polymerase II, heptapeptide repeat, eukaryotic|Involucrin repeat|Mastermind-like protein 2, transcriptional activation domain|Nuclear pore complex interacting protein|Golgin subfamily A member 6-like|NBPF|Proline-rich protein|-	FAM186A, PQQAQ repeat|RNA polymerase II, heptapeptide repeat, eukaryotic|Protein arginine N-methyltransferase|Golgin subfamily A member 6-like|Forkhead box protein P|Dolichyl-diphosphooligosaccharide--protein glycosyltransferase subunit Swp1|LIPIN family|TMEM9/TMEM9B
2	IPR049147|IPR000684|IPR025799|IPR026737|IPR050998|IPR008814|IPR026058|IPR008853	IPR049147|IPR000684|IPR025799|IPR008814|IPR050998|IPR026737|IPR026058|IPR008853	IPR000684|IPR000354|IPR048452|IPR009443|IPR026737|IPR055306|IPR026086|-	IPR049147|IPR000684|IPR025799|IPR026737|IPR050998|IPR008814|IPR026058|IPR008853	FAM186A, PQQAQ repeat|RNA polymerase II, heptapeptide repeat, eukaryotic|Protein arginine N-methyltransferase|Golgin subfamily A member 6-like|Forkhead box protein P|Dolichyl-diphosphooligosaccharide--protein glycosyltransferase subunit Swp1|LIPIN family|TMEM9/TMEM9B	FAM186A, PQQAQ repeat|RNA polymerase II, heptapeptide repeat, eukaryotic|Protein arginine N-methyltransferase|Dolichyl-diphosphooligosaccharide--protein glycosyltransferase subunit Swp1|Forkhead box protein P|Golgin subfamily A member 6-like|LIPIN family|TMEM9/TMEM9B	RNA polymerase II, heptapeptide repeat, eukaryotic|Involucrin repeat|Mastermind-like protein 2, transcriptional activation domain|Nuclear pore complex interacting protein|Golgin subfamily A member 6-like|NBPF|Proline-rich protein|-	FAM186A, PQQAQ repeat|RNA polymerase II, heptapeptide repeat, eukaryotic|Protein arginine N-methyltransferase|Golgin subfamily A member 6-like|Forkhead box protein P|Dolichyl-diphosphooligosaccharide--protein glycosyltransferase subunit Swp1|LIPIN family|TMEM9/TMEM9B
3	IPR051437|IPR001909|IPR012981|IPR050169|IPR004887|IPR050734|IPR001672|IPR050615	IPR051281|IPR014020|IPR026791|IPR052266|IPR039360|-|IPR015925|IPR026817	IPR013289|IPR040168|IPR040388|IPR024580|-|IPR050803|IPR000647|IPR039355	IPR019381|IPR026791|IPR001666|IPR039687|IPR040167|IPR045322|IPR045153|IPR039034	Tubulin tyrosine ligase-like monoglycylase|Krueppel-associated box|PIH1, N-terminal|Krueppel C2H2-type zinc-finger|Glutathione synthase, substrate-binding domain|PIH1 family, Kintoun subfamily|Phosphoglucose isomerase (PGI)|ATP-dependent DNA Helicase	Dual-specificity lipid and protein phosphatase|Tensin phosphatase, C2 domain|Dedicator of cytokinesis|Mitochondrial Rho GTPase/EF-hand domain-containing protein|Ras GTPase-activating protein|-|Ryanodine/Inositol 1,4,5-trisphosphate receptor|Guanine nucleotide exchange factor Ect2	CBFA2T family|Not2/Not3/Not5|CXXC-type zinc finger protein CXXC4/CXXC5|Dishevelled C-terminal|-|Abd-B homeobox transcription factor|CTF transcription factor/nuclear factor 1|Transcription factor GATA	Phosphofurin acidic cluster sorting protein 1|Dedicator of cytokinesis|Phosphatidylinositol transfer protein|Nephrocystin-1|Transcription factor CP2-like|E3 ubiquitin-protein ligase HECTD1/TRIP12-like|Est1/Ebs1-like|Inositol 3,4-bisphosphate 4-phosphatase
4	IPR008591|IPR039551|IPR000308|IPR000375|IPR040024|IPR003103|IPR023410|IPR041294	IPR000949|-|IPR039495|IPR050928|IPR055285|IPR026791|IPR019258|IPR024610	IPR000684|IPR000354|IPR048452|IPR009443|IPR026737|IPR055306|IPR026086|-	IPR049147|IPR000684|IPR025799|IPR026737|IPR050998|IPR008814|IPR026058|IPR008853	GINS complex subunit Sld5|Choline/carnitine acyltransferase domain|14-3-3 protein|Dynamin stalk domain|Protein phosphatase 1 regulatory subunit 21|BAG domain|14-3-3 domain|Ankyrin ubiquitin-binding domain	ELM2 domain|-|TATA box-binding protein-associated factor RNA polymerase I subunit A|ATP-dependent Zinc Metalloprotease|Ankyrin repeat domain-containing protein 13, C-terminal|Dedicator of cytokinesis|Mediator complex, subunit Med4|Inhibitor of growth protein, N-terminal histone-binding	RNA polymerase II, heptapeptide repeat, eukaryotic|Involucrin repeat|Mastermind-like protein 2, transcriptional activation domain|Nuclear pore complex interacting protein|Golgin subfamily A member 6-like|NBPF|Proline-rich protein|-	FAM186A, PQQAQ repeat|RNA polymerase II, heptapeptide repeat, eukaryotic|Protein arginine N-methyltransferase|Golgin subfamily A member 6-like|Forkhead box protein P|Dolichyl-diphosphooligosaccharide--protein glycosyltransferase subunit Swp1|LIPIN family|TMEM9/TMEM9B
5	-|IPR026117|IPR031535|IPR039159|IPR050540|IPR021072|IPR040247|IPR006804	IPR051061|IPR051968|IPR050688|IPR050690|-|IPR051580|IPR050457|IPR025796	IPR000684|IPR000354|IPR048452|IPR009443|IPR026737|IPR055306|IPR026086|-	IPR049147|IPR000684|IPR025799|IPR026737|IPR050998|IPR008814|IPR026058|IPR008853	-|Prostate apoptosis response 4|Proline-rich protein 22|SAYSvFN domain-containing protein 1|F-actin Monooxygenase Mical|Melanoma associated antigen, N-terminal|Protein of unknown function DUF5524|BCL7	Zinc finger transcriptional regulators|Zinc finger homeobox transcription regulators|Zinc finger and ubiquitin peptidase domain-containing protein|JHDM1 Histone Demethylase|-|Zinc finger and chromatin remodeling-associated protein|Zinc finger and BTB domain-containing|Histone-lysine N-methyltransferase SETDB1	RNA polymerase II, heptapeptide repeat, eukaryotic|Involucrin repeat|Mastermind-like protein 2, transcriptional activation domain|Nuclear pore complex interacting protein|Golgin subfamily A member 6-like|NBPF|Proline-rich protein|-	FAM186A, PQQAQ repeat|RNA polymerase II, heptapeptide repeat, eukaryotic|Protein arginine N-methyltransferase|Golgin subfamily A member 6-like|Forkhead box protein P|Dolichyl-diphosphooligosaccharide--protein glycosyltransferase subunit Swp1|LIPIN family|TMEM9/TMEM9B
6	-|IPR026117|IPR031535|IPR039159|IPR050540|IPR021072|IPR040247|IPR006804	IPR051061|IPR051580|-|IPR045914|IPR051968|IPR039673|IPR047161|IPR033635	IPR000684|IPR000354|IPR048452|IPR009443|IPR026737|IPR055306|IPR026086|-	IPR049147|IPR000684|IPR025799|IPR026737|IPR050998|IPR008814|IPR026058|IPR008853	-|Prostate apoptosis response 4|Proline-rich protein 22|SAYSvFN domain-containing protein 1|F-actin Monooxygenase Mical|Melanoma associated antigen, N-terminal|Protein of unknown function DUF5524|BCL7	Zinc finger transcriptional regulators|Zinc finger and chromatin remodeling-associated protein|-|Zinc finger protein 532-like|Zinc finger homeobox transcription regulators|DNA-binding protein SATB1/SATB2|ARF GTPase-activating protein Git-like|Ankyrin repeat and SAM domain-containing protein 1/Caskin	RNA polymerase II, heptapeptide repeat, eukaryotic|Involucrin repeat|Mastermind-like protein 2, transcriptional activation domain|Nuclear pore complex interacting protein|Golgin subfamily A member 6-like|NBPF|Proline-rich protein|-	FAM186A, PQQAQ repeat|RNA polymerase II, heptapeptide repeat, eukaryotic|Protein arginine N-methyltransferase|Golgin subfamily A member 6-like|Forkhead box protein P|Dolichyl-diphosphooligosaccharide--protein glycosyltransferase subunit Swp1|LIPIN family|TMEM9/TMEM9B
7	IPR014020|IPR035078|IPR004043|IPR050837|IPR001132|IPR000040|IPR022675|IPR007066	IPR024960|IPR039862|IPR007245|IPR027521|IPR033315|IPR050774|IPR025654|IPR052203	IPR013657|IPR007271|IPR004853|IPR050186|IPR018908|IPR010651|IPR000620|IPR045014	IPR002490|IPR050606|IPR050304|-|IPR009445|IPR019412|IPR003593|IPR037608	Tensin phosphatase, C2 domain|Phosphoenolpyruvate carboxykinase, GTP-utilising, N-terminal|LCCL domain|Complex I 51 kDa subunit|SMAD domain, Dwarfin-type|Acute myeloid leukemia 1 protein (AML1)/Runt|Glucose-6-phosphate dehydrogenase, C-terminal|RNA polymerase Rpb1, domain 3	Phosphatidyl-N-methylethanolamine/Phosphatidylethanolamine N-methyltransferase|N-terminal EF-hand calcium binding protein 1/2/3|GPI transamidase component PIG-T|U6 snRNA phosphodiesterase 1|Fanconi-associated nuclease 1-like|KCMF1 and Dystrophin|Peroxisome biogenesis factor 2/10|GHMP Kinase-Related Enzymes	SLC35B1-4/HUT1|Nucleotide-sugar transporter|Sugar phosphate transporter domain|Triose Phosphate/Phosphate Translocator|Putative transmembrane family 234|Sugar transport protein|EamA domain|Transmembrane protein 41A/B	V-type ATPase, V0 complex, 116kDa subunit family|Calponin-like|Microtubule-severing AAA ATPase|-|ER membrane protein complex subunit 4|Inclusion body clearance protein Iml2/Tetratricopeptide repeat protein 39|AAA+ ATPase domain|Stromal interaction molecule
8	IPR050494|-|IPR033489|IPR052793|IPR051738|IPR052225|IPR045168|IPR052790	IPR050839|IPR052452|IPR051627|IPR038876|-|IPR000719|IPR047269|IPR051234	IPR000684|IPR000354|IPR048452|IPR009443|IPR026737|IPR055306|IPR026086|-	IPR049147|IPR000684|IPR025799|IPR026737|IPR050998|IPR008814|IPR026058|IPR008853	Serine/threonine and dual-specificity kinase|-|E3 ubiquitin-protein ligase RBBP6 family|Exon junction complex-associated protein|Scaffold Attachment Factor and Modulators|Serine/arginine repetitive matrix|YTH domain containing protein|YEATS domain-containing	Rho-associated Serine/Threonine Kinase|Ankyrin repeat and MYND domain-containing protein 2|SLIT-ROBO Rho GTPase-activating|Ecto-NOX disulfide-thiol exchanger|-|Protein kinase domain|Zinc finger MYND domain-containing protein 11|TAO Serine/Threonine-Protein Kinase	RNA polymerase II, heptapeptide repeat, eukaryotic|Involucrin repeat|Mastermind-like protein 2, transcriptional activation domain|Nuclear pore complex interacting protein|Golgin subfamily A member 6-like|NBPF|Proline-rich protein|-	FAM186A, PQQAQ repeat|RNA polymerase II, heptapeptide repeat, eukaryotic|Protein arginine N-methyltransferase|Golgin subfamily A member 6-like|Forkhead box protein P|Dolichyl-diphosphooligosaccharide--protein glycosyltransferase subunit Swp1|LIPIN family|TMEM9/TMEM9B
9	IPR007311|IPR016720|IPR025958|IPR015925|-|IPR040176|IPR006769|IPR029370	IPR019395|IPR039662|IPR019130|IPR039886|IPR019176|IPR021861|-|IPR013585	IPR000684|IPR000354|IPR048452|IPR009443|IPR026737|IPR055306|IPR026086|-	IPR049147|IPR000684|IPR025799|IPR026737|IPR050998|IPR008814|IPR026058|IPR008853	ST7|Phosphatidate cytidylyltransferase, eukaryota|SID1 transmembrane family|Ryanodine/Inositol 1,4,5-trisphosphate receptor|-|RING finger protein RNF121/RNF175|Calcium uniporter protein, C-terminal|TMEM117 protein	Transmembrane protein 161A/B|Cohesin subunit Scc3/SA|Macoilin|BTBD10/KCTD20|Cytochrome B561-related|THO complex, subunit THOC1|-|Protocadherin	RNA polymerase II, heptapeptide repeat, eukaryotic|Involucrin repeat|Mastermind-like protein 2, transcriptional activation domain|Nuclear pore complex interacting protein|Golgin subfamily A member 6-like|NBPF|Proline-rich protein|-	FAM186A, PQQAQ repeat|RNA polymerase II, heptapeptide repeat, eukaryotic|Protein arginine N-methyltransferase|Golgin subfamily A member 6-like|Forkhead box protein P|Dolichyl-diphosphooligosaccharide--protein glycosyltransferase subunit Swp1|LIPIN family|TMEM9/TMEM9B
10	IPR037446|IPR002490|IPR050865|IPR006329|IPR039724|IPR007946|IPR025136|IPR033162	IPR014808|IPR006249|-|IPR034750|IPR009038|IPR056793|IPR006638|IPR019399	IPR000684|IPR000354|IPR048452|IPR009443|IPR026737|IPR055306|IPR026086|-	IPR049147|IPR000684|IPR025799|IPR026737|IPR050998|IPR008814|IPR026058|IPR008853	Histidine acid phosphatase, VIP1 family|V-type ATPase, V0 complex, 116kDa subunit family|BEACH Domain-Containing|AMP deaminase|WD repeat-containing protein 91|A1 cistron-splicing factor, AAR2|MAP3K, TRAFs-binding domain|Tubulin-folding cofactor D	DNA replication factor Dna2, N-terminal|Aconitase/Iron-responsive element-binding protein 2|-|CULT domain|GOLD domain|Heparan sulfate-N-deacetylase, N-terminal domain|Elp3/MiaA/NifB-like, radical SAM core domain|Parkin co-regulated protein	RNA polymerase II, heptapeptide repeat, eukaryotic|Involucrin repeat|Mastermind-like protein 2, transcriptional activation domain|Nuclear pore complex interacting protein|Golgin subfamily A member 6-like|NBPF|Proline-rich protein|-	FAM186A, PQQAQ repeat|RNA polymerase II, heptapeptide repeat, eukaryotic|Protein arginine N-methyltransferase|Golgin subfamily A member 6-like|Forkhead box protein P|Dolichyl-diphosphooligosaccharide--protein glycosyltransferase subunit Swp1|LIPIN family|TMEM9/TMEM9B
11	IPR049147|IPR000684|IPR025799|IPR026737|IPR050998|IPR008814|IPR026058|IPR008853	IPR049147|IPR000684|IPR025799|IPR008814|IPR050998|IPR026737|IPR026058|IPR008853	IPR054069|IPR000225|IPR013818|IPR000734|IPR019734|-|IPR015812|IPR002110	-|IPR010510|IPR052630|IPR042319|IPR052868|IPR050650|IPR003443|IPR000753	FAM186A, PQQAQ repeat|RNA polymerase II, heptapeptide repeat, eukaryotic|Protein arginine N-methyltransferase|Golgin subfamily A member 6-like|Forkhead box protein P|Dolichyl-diphosphooligosaccharide--protein glycosyltransferase subunit Swp1|LIPIN family|TMEM9/TMEM9B	FAM186A, PQQAQ repeat|RNA polymerase II, heptapeptide repeat, eukaryotic|Protein arginine N-methyltransferase|Dolichyl-diphosphooligosaccharide--protein glycosyltransferase subunit Swp1|Forkhead box protein P|Golgin subfamily A member 6-like|LIPIN family|TMEM9/TMEM9B	Calpain-3/13-like, C-terminal EF-hand|Armadillo|Lipase|Triacylglycerol lipase family|Tetratricopeptide repeat|-|Integrin beta subunit|Ankyrin repeat	-|FGF binding 1|Tetratricopeptide repeat protein 17|Glycoprotein integral membrane protein 1|Izumo sperm-egg fusion|Type II Cytokine and Tissue Factor Receptors|Interleukin-15/Interleukin-21 family|Clusterin-like
12	IPR049147|IPR000684|IPR025799|IPR026737|IPR050998|IPR008814|IPR026058|IPR008853	IPR049147|IPR000684|IPR025799|IPR008814|IPR050998|IPR026737|IPR026058|IPR008853	IPR000684|IPR000354|IPR048452|IPR009443|IPR026737|IPR055306|IPR026086|-	IPR049147|IPR000684|IPR025799|IPR026737|IPR050998|IPR008814|IPR026058|IPR008853	FAM186A, PQQAQ repeat|RNA polymerase II, heptapeptide repeat, eukaryotic|Protein arginine N-methyltransferase|Golgin subfamily A member 6-like|Forkhead box protein P|Dolichyl-diphosphooligosaccharide--protein glycosyltransferase subunit Swp1|LIPIN family|TMEM9/TMEM9B	FAM186A, PQQAQ repeat|RNA polymerase II, heptapeptide repeat, eukaryotic|Protein arginine N-methyltransferase|Dolichyl-diphosphooligosaccharide--protein glycosyltransferase subunit Swp1|Forkhead box protein P|Golgin subfamily A member 6-like|LIPIN family|TMEM9/TMEM9B	RNA polymerase II, heptapeptide repeat, eukaryotic|Involucrin repeat|Mastermind-like protein 2, transcriptional activation domain|Nuclear pore complex interacting protein|Golgin subfamily A member 6-like|NBPF|Proline-rich protein|-	FAM186A, PQQAQ repeat|RNA polymerase II, heptapeptide repeat, eukaryotic|Protein arginine N-methyltransferase|Golgin subfamily A member 6-like|Forkhead box protein P|Dolichyl-diphosphooligosaccharide--protein glycosyltransferase subunit Swp1|LIPIN family|TMEM9/TMEM9B
13	IPR049147|IPR000684|IPR025799|IPR026737|IPR050998|IPR008814|IPR026058|IPR008853	IPR049147|IPR000684|IPR025799|IPR008814|IPR050998|IPR026737|IPR026058|IPR008853	IPR000684|IPR000354|IPR048452|IPR009443|IPR026737|IPR055306|IPR026086|-	IPR049147|IPR000684|IPR025799|IPR026737|IPR050998|IPR008814|IPR026058|IPR008853	FAM186A, PQQAQ repeat|RNA polymerase II, heptapeptide repeat, eukaryotic|Protein arginine N-methyltransferase|Golgin subfamily A member 6-like|Forkhead box protein P|Dolichyl-diphosphooligosaccharide--protein glycosyltransferase subunit Swp1|LIPIN family|TMEM9/TMEM9B	FAM186A, PQQAQ repeat|RNA polymerase II, heptapeptide repeat, eukaryotic|Protein arginine N-methyltransferase|Dolichyl-diphosphooligosaccharide--protein glycosyltransferase subunit Swp1|Forkhead box protein P|Golgin subfamily A member 6-like|LIPIN family|TMEM9/TMEM9B	RNA polymerase II, heptapeptide repeat, eukaryotic|Involucrin repeat|Mastermind-like protein 2, transcriptional activation domain|Nuclear pore complex interacting protein|Golgin subfamily A member 6-like|NBPF|Proline-rich protein|-	FAM186A, PQQAQ repeat|RNA polymerase II, heptapeptide repeat, eukaryotic|Protein arginine N-methyltransferase|Golgin subfamily A member 6-like|Forkhead box protein P|Dolichyl-diphosphooligosaccharide--protein glycosyltransferase subunit Swp1|LIPIN family|TMEM9/TMEM9B
14	IPR007311|IPR016720|IPR025958|IPR015925|-|IPR040176|IPR006769|IPR029370	IPR019395|IPR039662|IPR019130|IPR039886|IPR019176|IPR021861|-|IPR013585	IPR000684|IPR000354|IPR048452|IPR009443|IPR026737|IPR055306|IPR026086|-	IPR049147|IPR000684|IPR025799|IPR026737|IPR050998|IPR008814|IPR026058|IPR008853	ST7|Phosphatidate cytidylyltransferase, eukaryota|SID1 transmembrane family|Ryanodine/Inositol 1,4,5-trisphosphate receptor|-|RING finger protein RNF121/RNF175|Calcium uniporter protein, C-terminal|TMEM117 protein	Transmembrane protein 161A/B|Cohesin subunit Scc3/SA|Macoilin|BTBD10/KCTD20|Cytochrome B561-related|THO complex, subunit THOC1|-|Protocadherin	RNA polymerase II, heptapeptide repeat, eukaryotic|Involucrin repeat|Mastermind-like protein 2, transcriptional activation domain|Nuclear pore complex interacting protein|Golgin subfamily A member 6-like|NBPF|Proline-rich protein|-	FAM186A, PQQAQ repeat|RNA polymerase II, heptapeptide repeat, eukaryotic|Protein arginine N-methyltransferase|Golgin subfamily A member 6-like|Forkhead box protein P|Dolichyl-diphosphooligosaccharide--protein glycosyltransferase subunit Swp1|LIPIN family|TMEM9/TMEM9B
15	IPR008591|IPR039551|IPR000308|IPR000375|IPR040024|IPR003103|IPR023410|IPR041294	IPR000949|-|IPR039495|IPR050928|IPR055285|IPR026791|IPR019258|IPR024610	IPR000684|IPR000354|IPR048452|IPR009443|IPR026737|IPR055306|IPR026086|-	IPR049147|IPR000684|IPR025799|IPR026737|IPR050998|IPR008814|IPR026058|IPR008853	GINS complex subunit Sld5|Choline/carnitine acyltransferase domain|14-3-3 protein|Dynamin stalk domain|Protein phosphatase 1 regulatory subunit 21|BAG domain|14-3-3 domain|Ankyrin ubiquitin-binding domain	ELM2 domain|-|TATA box-binding protein-associated factor RNA polymerase I subunit A|ATP-dependent Zinc Metalloprotease|Ankyrin repeat domain-containing protein 13, C-terminal|Dedicator of cytokinesis|Mediator complex, subunit Med4|Inhibitor of growth protein, N-terminal histone-binding	RNA polymerase II, heptapeptide repeat, eukaryotic|Involucrin repeat|Mastermind-like protein 2, transcriptional activation domain|Nuclear pore complex interacting protein|Golgin subfamily A member 6-like|NBPF|Proline-rich protein|-	FAM186A, PQQAQ repeat|RNA polymerase II, heptapeptide repeat, eukaryotic|Protein arginine N-methyltransferase|Golgin subfamily A member 6-like|Forkhead box protein P|Dolichyl-diphosphooligosaccharide--protein glycosyltransferase subunit Swp1|LIPIN family|TMEM9/TMEM9B
16	IPR050449|IPR015812|IPR050540|-|IPR028118|IPR047016|IPR015154|IPR000406	IPR051484|IPR039919|IPR042637|IPR053089|-|IPR051696|IPR026136|IPR050989	IPR000684|IPR000354|IPR048452|IPR009443|IPR026737|IPR055306|IPR026086|-	IPR049147|IPR000684|IPR025799|IPR026737|IPR050998|IPR008814|IPR026058|IPR008853	Ephrin receptor tyrosine kinases|Integrin beta subunit|F-actin Monooxygenase Mical|-|Chibby family|Regulator of G protein signaling 6/7/9/11|EF-hand domain, type 2|Rho protein GDP-dissociation inhibitor	Tensin Phosphatase|Rho guanine nucleotide exchange factor 10/17|Ankyrin repeat domain-containing protein AN34A/B/C|Rho guanine nucleotide exchange factor 18|-|DENN Domain-Containing GEFs|RIPOR family member 3|Rap1/Ran GTPase-activating	RNA polymerase II, heptapeptide repeat, eukaryotic|Involucrin repeat|Mastermind-like protein 2, transcriptional activation domain|Nuclear pore complex interacting protein|Golgin subfamily A member 6-like|NBPF|Proline-rich protein|-	FAM186A, PQQAQ repeat|RNA polymerase II, heptapeptide repeat, eukaryotic|Protein arginine N-methyltransferase|Golgin subfamily A member 6-like|Forkhead box protein P|Dolichyl-diphosphooligosaccharide--protein glycosyltransferase subunit Swp1|LIPIN family|TMEM9/TMEM9B
17	IPR008591|IPR039551|IPR000308|IPR000375|IPR040024|IPR003103|IPR023410|IPR041294	IPR000949|-|IPR039495|IPR050928|IPR055285|IPR026791|IPR019258|IPR024610	IPR000684|IPR000354|IPR048452|IPR009443|IPR026737|IPR055306|IPR026086|-	IPR049147|IPR000684|IPR025799|IPR026737|IPR050998|IPR008814|IPR026058|IPR008853	GINS complex subunit Sld5|Choline/carnitine acyltransferase domain|14-3-3 protein|Dynamin stalk domain|Protein phosphatase 1 regulatory subunit 21|BAG domain|14-3-3 domain|Ankyrin ubiquitin-binding domain	ELM2 domain|-|TATA box-binding protein-associated factor RNA polymerase I subunit A|ATP-dependent Zinc Metalloprotease|Ankyrin repeat domain-containing protein 13, C-terminal|Dedicator of cytokinesis|Mediator complex, subunit Med4|Inhibitor of growth protein, N-terminal histone-binding	RNA polymerase II, heptapeptide repeat, eukaryotic|Involucrin repeat|Mastermind-like protein 2, transcriptional activation domain|Nuclear pore complex interacting protein|Golgin subfamily A member 6-like|NBPF|Proline-rich protein|-	FAM186A, PQQAQ repeat|RNA polymerase II, heptapeptide repeat, eukaryotic|Protein arginine N-methyltransferase|Golgin subfamily A member 6-like|Forkhead box protein P|Dolichyl-diphosphooligosaccharide--protein glycosyltransferase subunit Swp1|LIPIN family|TMEM9/TMEM9B
18	IPR005615|IPR040043|-|IPR001680|IPR002110|IPR001102|IPR004006|IPR010294	IPR001050|IPR038877|IPR037658|IPR029865|IPR043547|IPR018890|IPR050540|IPR052280	IPR000684|IPR000354|IPR048452|IPR009443|IPR026737|IPR055306|IPR026086|-	IPR049147|IPR000684|IPR025799|IPR026737|IPR050998|IPR008814|IPR026058|IPR008853	Glutathione synthase|Actin maturation protease|-|WD40 repeat|Ankyrin repeat|Transglutaminase, N-terminal|DhaK domain|ADAMTS/ADAMTS-like, Spacer 1	Syndecan|Thrombospondin type-1 domain-containing protein 1|Voltage-dependent calcium channel beta subunit-associated regulatory protein|Dyslexia-associated protein KIAA0319-like|Mimecan/Epiphycan/Opticin|FAM171|F-actin Monooxygenase Mical|HEPACAM domain-containing protein	RNA polymerase II, heptapeptide repeat, eukaryotic|Involucrin repeat|Mastermind-like protein 2, transcriptional activation domain|Nuclear pore complex interacting protein|Golgin subfamily A member 6-like|NBPF|Proline-rich protein|-	FAM186A, PQQAQ repeat|RNA polymerase II, heptapeptide repeat, eukaryotic|Protein arginine N-methyltransferase|Golgin subfamily A member 6-like|Forkhead box protein P|Dolichyl-diphosphooligosaccharide--protein glycosyltransferase subunit Swp1|LIPIN family|TMEM9/TMEM9B
19	-|IPR026117|IPR031535|IPR039159|IPR050540|IPR021072|IPR040247|IPR006804	IPR051061|IPR051968|IPR050688|IPR050690|-|IPR051580|IPR050457|IPR025796	IPR000684|IPR000354|IPR048452|IPR009443|IPR026737|IPR055306|IPR026086|-	IPR049147|IPR000684|IPR025799|IPR026737|IPR050998|IPR008814|IPR026058|IPR008853	-|Prostate apoptosis response 4|Proline-rich protein 22|SAYSvFN domain-containing protein 1|F-actin Monooxygenase Mical|Melanoma associated antigen, N-terminal|Protein of unknown function DUF5524|BCL7	Zinc finger transcriptional regulators|Zinc finger homeobox transcription regulators|Zinc finger and ubiquitin peptidase domain-containing protein|JHDM1 Histone Demethylase|-|Zinc finger and chromatin remodeling-associated protein|Zinc finger and BTB domain-containing|Histone-lysine N-methyltransferase SETDB1	RNA polymerase II, heptapeptide repeat, eukaryotic|Involucrin repeat|Mastermind-like protein 2, transcriptional activation domain|Nuclear pore complex interacting protein|Golgin subfamily A member 6-like|NBPF|Proline-rich protein|-	FAM186A, PQQAQ repeat|RNA polymerase II, heptapeptide repeat, eukaryotic|Protein arginine N-methyltransferase|Golgin subfamily A member 6-like|Forkhead box protein P|Dolichyl-diphosphooligosaccharide--protein glycosyltransferase subunit Swp1|LIPIN family|TMEM9/TMEM9B
20	-|IPR026117|IPR031535|IPR039159|IPR050540|IPR021072|IPR040247|IPR006804	IPR051061|IPR051580|-|IPR045914|IPR051968|IPR039673|IPR047161|IPR033635	IPR000684|IPR000354|IPR048452|IPR009443|IPR026737|IPR055306|IPR026086|-	IPR049147|IPR000684|IPR025799|IPR026737|IPR050998|IPR008814|IPR026058|IPR008853	-|Prostate apoptosis response 4|Proline-rich protein 22|SAYSvFN domain-containing protein 1|F-actin Monooxygenase Mical|Melanoma associated antigen, N-terminal|Protein of unknown function DUF5524|BCL7	Zinc finger transcriptional regulators|Zinc finger and chromatin remodeling-associated protein|-|Zinc finger protein 532-like|Zinc finger homeobox transcription regulators|DNA-binding protein SATB1/SATB2|ARF GTPase-activating protein Git-like|Ankyrin repeat and SAM domain-containing protein 1/Caskin	RNA polymerase II, heptapeptide repeat, eukaryotic|Involucrin repeat|Mastermind-like protein 2, transcriptional activation domain|Nuclear pore complex interacting protein|Golgin subfamily A member 6-like|NBPF|Proline-rich protein|-	FAM186A, PQQAQ repeat|RNA polymerase II, heptapeptide repeat, eukaryotic|Protein arginine N-methyltransferase|Golgin subfamily A member 6-like|Forkhead box protein P|Dolichyl-diphosphooligosaccharide--protein glycosyltransferase subunit Swp1|LIPIN family|TMEM9/TMEM9B
21	IPR050169|IPR004939|IPR001909|IPR050615|IPR046800|IPR007677|IPR042496|IPR032282	IPR013289|IPR029515|IPR040363|IPR051747|IPR006899|IPR052249|IPR045137|IPR051098	IPR000684|IPR000354|IPR048452|IPR009443|IPR026737|IPR055306|IPR026086|-	IPR049147|IPR000684|IPR025799|IPR026737|IPR050998|IPR008814|IPR026058|IPR008853	Krueppel C2H2-type zinc-finger|APC10/DOC domain|Krueppel-associated box|ATP-dependent DNA Helicase|Plexin, cytoplasmic RhoGTPase-binding domain|Gasdermin|Cell growth regulator with RING finger domain protein 1|Hydroxyacylglutathione hydrolase, C-terminal domain	CBFA2T family|LAR-interacting protein, Liprin|Homeobox-containing protein 1|Angiomotin-like|Hepatocyte nuclear factor 1, N-terminal|Roquin domain-containing protein|RNA-binding protein 26/27|Neuronal Differentiation E-box Binding Transcription Factors	RNA polymerase II, heptapeptide repeat, eukaryotic|Involucrin repeat|Mastermind-like protein 2, transcriptional activation domain|Nuclear pore complex interacting protein|Golgin subfamily A member 6-like|NBPF|Proline-rich protein|-	FAM186A, PQQAQ repeat|RNA polymerase II, heptapeptide repeat, eukaryotic|Protein arginine N-methyltransferase|Golgin subfamily A member 6-like|Forkhead box protein P|Dolichyl-diphosphooligosaccharide--protein glycosyltransferase subunit Swp1|LIPIN family|TMEM9/TMEM9B
22	IPR050169|IPR004939|IPR001909|IPR050615|IPR046800|IPR007677|IPR042496|IPR032282	IPR013289|IPR029515|IPR040363|IPR051747|IPR006899|IPR052249|IPR045137|IPR051098	IPR000684|IPR000354|IPR048452|IPR009443|IPR026737|IPR055306|IPR026086|-	IPR049147|IPR000684|IPR025799|IPR026737|IPR050998|IPR008814|IPR026058|IPR008853	Krueppel C2H2-type zinc-finger|APC10/DOC domain|Krueppel-associated box|ATP-dependent DNA Helicase|Plexin, cytoplasmic RhoGTPase-binding domain|Gasdermin|Cell growth regulator with RING finger domain protein 1|Hydroxyacylglutathione hydrolase, C-terminal domain	CBFA2T family|LAR-interacting protein, Liprin|Homeobox-containing protein 1|Angiomotin-like|Hepatocyte nuclear factor 1, N-terminal|Roquin domain-containing protein|RNA-binding protein 26/27|Neuronal Differentiation E-box Binding Transcription Factors	RNA polymerase II, heptapeptide repeat, eukaryotic|Involucrin repeat|Mastermind-like protein 2, transcriptional activation domain|Nuclear pore complex interacting protein|Golgin subfamily A member 6-like|NBPF|Proline-rich protein|-	FAM186A, PQQAQ repeat|RNA polymerase II, heptapeptide repeat, eukaryotic|Protein arginine N-methyltransferase|Golgin subfamily A member 6-like|Forkhead box protein P|Dolichyl-diphosphooligosaccharide--protein glycosyltransferase subunit Swp1|LIPIN family|TMEM9/TMEM9B
23	IPR049147|IPR000684|IPR025799|IPR026737|IPR050998|IPR008814|IPR026058|IPR008853	IPR049147|IPR000684|IPR025799|IPR008814|IPR050998|IPR026737|IPR026058|IPR008853	IPR000684|IPR000354|IPR048452|IPR009443|IPR026737|IPR055306|IPR026086|-	IPR049147|IPR000684|IPR025799|IPR026737|IPR050998|IPR008814|IPR026058|IPR008853	FAM186A, PQQAQ repeat|RNA polymerase II, heptapeptide repeat, eukaryotic|Protein arginine N-methyltransferase|Golgin subfamily A member 6-like|Forkhead box protein P|Dolichyl-diphosphooligosaccharide--protein glycosyltransferase subunit Swp1|LIPIN family|TMEM9/TMEM9B	FAM186A, PQQAQ repeat|RNA polymerase II, heptapeptide repeat, eukaryotic|Protein arginine N-methyltransferase|Dolichyl-diphosphooligosaccharide--protein glycosyltransferase subunit Swp1|Forkhead box protein P|Golgin subfamily A member 6-like|LIPIN family|TMEM9/TMEM9B	RNA polymerase II, heptapeptide repeat, eukaryotic|Involucrin repeat|Mastermind-like protein 2, transcriptional activation domain|Nuclear pore complex interacting protein|Golgin subfamily A member 6-like|NBPF|Proline-rich protein|-	FAM186A, PQQAQ repeat|RNA polymerase II, heptapeptide repeat, eukaryotic|Protein arginine N-methyltransferase|Golgin subfamily A member 6-like|Forkhead box protein P|Dolichyl-diphosphooligosaccharide--protein glycosyltransferase subunit Swp1|LIPIN family|TMEM9/TMEM9B
24	IPR049147|IPR000684|IPR025799|IPR026737|IPR050998|IPR008814|IPR026058|IPR008853	IPR049147|IPR000684|IPR025799|IPR008814|IPR050998|IPR026737|IPR026058|IPR008853	-|IPR047172|IPR025670|IPR055423|IPR029391|IPR029393|IPR043387|IPR031714	IPR002993|IPR006994|IPR004179|IPR015925|IPR038884|IPR050927|IPR050774|IPR007143	FAM186A, PQQAQ repeat|RNA polymerase II, heptapeptide repeat, eukaryotic|Protein arginine N-methyltransferase|Golgin subfamily A member 6-like|Forkhead box protein P|Dolichyl-diphosphooligosaccharide--protein glycosyltransferase subunit Swp1|LIPIN family|TMEM9/TMEM9B	FAM186A, PQQAQ repeat|RNA polymerase II, heptapeptide repeat, eukaryotic|Protein arginine N-methyltransferase|Dolichyl-diphosphooligosaccharide--protein glycosyltransferase subunit Swp1|Forkhead box protein P|Golgin subfamily A member 6-like|LIPIN family|TMEM9/TMEM9B	-|Ajuba-like|Fox-1 C-terminal domain|Transmembrane protein TMEM132, fifth domain|COP9 signalosome complex, subunit 9, metazoa|Tumour suppressor candidate 2|Insulin-like INSL3/INSL4|Protein of unknown function DUF4726	Ornithine decarboxylase antizyme|TCF25/Rqc1|Sec63 domain|Ryanodine/Inositol 1,4,5-trisphosphate receptor|Cilia- and flagella-associated protein 61|Transient receptor potential cation channel M|KCMF1 and Dystrophin|Vacuolar protein sorting-associated Vps28
25	IPR049147|IPR000684|IPR025799|IPR026737|IPR050998|IPR008814|IPR026058|IPR008853	IPR049147|IPR000684|IPR025799|IPR008814|IPR050998|IPR026737|IPR026058|IPR008853	IPR000684|IPR000354|IPR048452|IPR009443|IPR026737|IPR055306|IPR026086|-	IPR049147|IPR000684|IPR025799|IPR026737|IPR050998|IPR008814|IPR026058|IPR008853	FAM186A, PQQAQ repeat|RNA polymerase II, heptapeptide repeat, eukaryotic|Protein arginine N-methyltransferase|Golgin subfamily A member 6-like|Forkhead box protein P|Dolichyl-diphosphooligosaccharide--protein glycosyltransferase subunit Swp1|LIPIN family|TMEM9/TMEM9B	FAM186A, PQQAQ repeat|RNA polymerase II, heptapeptide repeat, eukaryotic|Protein arginine N-methyltransferase|Dolichyl-diphosphooligosaccharide--protein glycosyltransferase subunit Swp1|Forkhead box protein P|Golgin subfamily A member 6-like|LIPIN family|TMEM9/TMEM9B	RNA polymerase II, heptapeptide repeat, eukaryotic|Involucrin repeat|Mastermind-like protein 2, transcriptional activation domain|Nuclear pore complex interacting protein|Golgin subfamily A member 6-like|NBPF|Proline-rich protein|-	FAM186A, PQQAQ repeat|RNA polymerase II, heptapeptide repeat, eukaryotic|Protein arginine N-methyltransferase|Golgin subfamily A member 6-like|Forkhead box protein P|Dolichyl-diphosphooligosaccharide--protein glycosyltransferase subunit Swp1|LIPIN family|TMEM9/TMEM9B
26	IPR006822|-|IPR039941|IPR037679|IPR051722|IPR045819|IPR040892|IPR050517	IPR000426|IPR012510|IPR000445|IPR006626|IPR007886|IPR002048|IPR011598|IPR000225	IPR000684|IPR000354|IPR048452|IPR009443|IPR026737|IPR055306|IPR026086|-	IPR049147|IPR000684|IPR025799|IPR026737|IPR050998|IPR008814|IPR026058|IPR008853	Coatomer, epsilon subunit|-|Tetratricopeptide repeat protein 30|Anaphase-promoting complex subunit 5|Endocytosis and PI4K-regulating protein|Tetratricopeptide repeat protein 7, N-terminal|RPN1, N-terminal|DNA Damage Response and Repair Kinase	Proteasome alpha-subunit, N-terminal domain|Actin-binding, Xin repeat|Helix-hairpin-helix motif|Parallel beta-helix repeat|Alanine dehydrogenase/pyridine nucleotide transhydrogenase, N-terminal|EF-hand domain|Myc-type, basic helix-loop-helix (bHLH) domain|Armadillo	RNA polymerase II, heptapeptide repeat, eukaryotic|Involucrin repeat|Mastermind-like protein 2, transcriptional activation domain|Nuclear pore complex interacting protein|Golgin subfamily A member 6-like|NBPF|Proline-rich protein|-	FAM186A, PQQAQ repeat|RNA polymerase II, heptapeptide repeat, eukaryotic|Protein arginine N-methyltransferase|Golgin subfamily A member 6-like|Forkhead box protein P|Dolichyl-diphosphooligosaccharide--protein glycosyltransferase subunit Swp1|LIPIN family|TMEM9/TMEM9B
27	IPR049147|IPR000684|IPR025799|IPR026737|IPR050998|IPR008814|IPR026058|IPR008853	IPR049147|IPR000684|IPR025799|IPR008814|IPR050998|IPR026737|IPR026058|IPR008853	IPR000684|IPR000354|IPR048452|IPR009443|IPR026737|IPR055306|IPR026086|-	IPR049147|IPR000684|IPR025799|IPR026737|IPR050998|IPR008814|IPR026058|IPR008853	FAM186A, PQQAQ repeat|RNA polymerase II, heptapeptide repeat, eukaryotic|Protein arginine N-methyltransferase|Golgin subfamily A member 6-like|Forkhead box protein P|Dolichyl-diphosphooligosaccharide--protein glycosyltransferase subunit Swp1|LIPIN family|TMEM9/TMEM9B	FAM186A, PQQAQ repeat|RNA polymerase II, heptapeptide repeat, eukaryotic|Protein arginine N-methyltransferase|Dolichyl-diphosphooligosaccharide--protein glycosyltransferase subunit Swp1|Forkhead box protein P|Golgin subfamily A member 6-like|LIPIN family|TMEM9/TMEM9B	RNA polymerase II, heptapeptide repeat, eukaryotic|Involucrin repeat|Mastermind-like protein 2, transcriptional activation domain|Nuclear pore complex interacting protein|Golgin subfamily A member 6-like|NBPF|Proline-rich protein|-	FAM186A, PQQAQ repeat|RNA polymerase II, heptapeptide repeat, eukaryotic|Protein arginine N-methyltransferase|Golgin subfamily A member 6-like|Forkhead box protein P|Dolichyl-diphosphooligosaccharide--protein glycosyltransferase subunit Swp1|LIPIN family|TMEM9/TMEM9B
28	IPR049147|IPR000684|IPR025799|IPR026737|IPR050998|IPR008814|IPR026058|IPR008853	IPR049147|IPR000684|IPR025799|IPR008814|IPR050998|IPR026737|IPR026058|IPR008853	IPR000684|IPR000354|IPR048452|IPR009443|IPR026737|IPR055306|IPR026086|-	IPR049147|IPR000684|IPR025799|IPR026737|IPR050998|IPR008814|IPR026058|IPR008853	FAM186A, PQQAQ repeat|RNA polymerase II, heptapeptide repeat, eukaryotic|Protein arginine N-methyltransferase|Golgin subfamily A member 6-like|Forkhead box protein P|Dolichyl-diphosphooligosaccharide--protein glycosyltransferase subunit Swp1|LIPIN family|TMEM9/TMEM9B	FAM186A, PQQAQ repeat|RNA polymerase II, heptapeptide repeat, eukaryotic|Protein arginine N-methyltransferase|Dolichyl-diphosphooligosaccharide--protein glycosyltransferase subunit Swp1|Forkhead box protein P|Golgin subfamily A member 6-like|LIPIN family|TMEM9/TMEM9B	RNA polymerase II, heptapeptide repeat, eukaryotic|Involucrin repeat|Mastermind-like protein 2, transcriptional activation domain|Nuclear pore complex interacting protein|Golgin subfamily A member 6-like|NBPF|Proline-rich protein|-	FAM186A, PQQAQ repeat|RNA polymerase II, heptapeptide repeat, eukaryotic|Protein arginine N-methyltransferase|Golgin subfamily A member 6-like|Forkhead box protein P|Dolichyl-diphosphooligosaccharide--protein glycosyltransferase subunit Swp1|LIPIN family|TMEM9/TMEM9B
29	IPR049147|IPR000684|IPR025799|IPR026737|IPR050998|IPR008814|IPR026058|IPR008853	IPR049147|IPR000684|IPR025799|IPR008814|IPR050998|IPR026737|IPR026058|IPR008853	IPR000684|IPR000354|IPR048452|IPR009443|IPR026737|IPR055306|IPR026086|-	IPR049147|IPR000684|IPR025799|IPR026737|IPR050998|IPR008814|IPR026058|IPR008853	FAM186A, PQQAQ repeat|RNA polymerase II, heptapeptide repeat, eukaryotic|Protein arginine N-methyltransferase|Golgin subfamily A member 6-like|Forkhead box protein P|Dolichyl-diphosphooligosaccharide--protein glycosyltransferase subunit Swp1|LIPIN family|TMEM9/TMEM9B	FAM186A, PQQAQ repeat|RNA polymerase II, heptapeptide repeat, eukaryotic|Protein arginine N-methyltransferase|Dolichyl-diphosphooligosaccharide--protein glycosyltransferase subunit Swp1|Forkhead box protein P|Golgin subfamily A member 6-like|LIPIN family|TMEM9/TMEM9B	RNA polymerase II, heptapeptide repeat, eukaryotic|Involucrin repeat|Mastermind-like protein 2, transcriptional activation domain|Nuclear pore complex interacting protein|Golgin subfamily A member 6-like|NBPF|Proline-rich protein|-	FAM186A, PQQAQ repeat|RNA polymerase II, heptapeptide repeat, eukaryotic|Protein arginine N-methyltransferase|Golgin subfamily A member 6-like|Forkhead box protein P|Dolichyl-diphosphooligosaccharide--protein glycosyltransferase subunit Swp1|LIPIN family|TMEM9/TMEM9B
30	IPR050174|IPR039808|IPR002126|-|IPR050449|IPR045658|IPR051561|IPR050831	-|IPR039808|IPR050174|IPR002126|IPR051561|IPR050971	IPR000684|IPR000354|IPR048452|IPR009443|IPR026737|IPR055306|IPR026086|-	IPR049147|IPR000684|IPR025799|IPR026737|IPR050998|IPR008814|IPR026058|IPR008853	Protocadherin/Cadherin-related Cell Adhesion|Cadherin|Cadherin-like|-|Ephrin receptor tyrosine kinases|FRAS1-related extracellular matrix protein, N-terminal domain|FRAS1-related extracellular matrix|Carcinoembryonic antigen-related cell adhesion	-|Cadherin|Protocadherin/Cadherin-related Cell Adhesion|Cadherin-like|FRAS1-related extracellular matrix|Cadherin domain-containing protein	RNA polymerase II, heptapeptide repeat, eukaryotic|Involucrin repeat|Mastermind-like protein 2, transcriptional activation domain|Nuclear pore complex interacting protein|Golgin subfamily A member 6-like|NBPF|Proline-rich protein|-	FAM186A, PQQAQ repeat|RNA polymerase II, heptapeptide repeat, eukaryotic|Protein arginine N-methyltransferase|Golgin subfamily A member 6-like|Forkhead box protein P|Dolichyl-diphosphooligosaccharide--protein glycosyltransferase subunit Swp1|LIPIN family|TMEM9/TMEM9B
31	IPR049147|IPR000684|IPR025799|IPR026737|IPR050998|IPR008814|IPR026058|IPR008853	IPR049147|IPR000684|IPR025799|IPR008814|IPR050998|IPR026737|IPR026058|IPR008853	IPR000684|IPR000354|IPR048452|IPR009443|IPR026737|IPR055306|IPR026086|-	IPR049147|IPR000684|IPR025799|IPR026737|IPR050998|IPR008814|IPR026058|IPR008853	FAM186A, PQQAQ repeat|RNA polymerase II, heptapeptide repeat, eukaryotic|Protein arginine N-methyltransferase|Golgin subfamily A member 6-like|Forkhead box protein P|Dolichyl-diphosphooligosaccharide--protein glycosyltransferase subunit Swp1|LIPIN family|TMEM9/TMEM9B	FAM186A, PQQAQ repeat|RNA polymerase II, heptapeptide repeat, eukaryotic|Protein arginine N-methyltransferase|Dolichyl-diphosphooligosaccharide--protein glycosyltransferase subunit Swp1|Forkhead box protein P|Golgin subfamily A member 6-like|LIPIN family|TMEM9/TMEM9B	RNA polymerase II, heptapeptide repeat, eukaryotic|Involucrin repeat|Mastermind-like protein 2, transcriptional activation domain|Nuclear pore complex interacting protein|Golgin subfamily A member 6-like|NBPF|Proline-rich protein|-	FAM186A, PQQAQ repeat|RNA polymerase II, heptapeptide repeat, eukaryotic|Protein arginine N-methyltransferase|Golgin subfamily A member 6-like|Forkhead box protein P|Dolichyl-diphosphooligosaccharide--protein glycosyltransferase subunit Swp1|LIPIN family|TMEM9/TMEM9B
32	IPR009360|IPR043195|IPR039249|IPR032378|IPR004152|IPR050304|IPR010613|-	IPR045173|IPR037869|IPR039779|IPR051700|IPR003782|IPR027640|-|IPR050657	IPR000684|IPR000354|IPR048452|IPR009443|IPR026737|IPR055306|IPR026086|-	IPR049147|IPR000684|IPR025799|IPR026737|IPR050998|IPR008814|IPR026058|IPR008853	Pre-mRNA-splicing factor Isy1|Tetratricopeptide repeat protein 12|G patch domain-containing protein 11|ZC3H15/TMA46 family, C-terminal|GAT domain|Microtubule-severing AAA ATPase|Pescadillo|-	DNA replication factor Cdt1|Spp1/CFP1|RFX-like DNA-binding protein|STE20 Ser/Thr Protein Kinase|Copper chaperone SCO1/SenC|Kinesin-like protein|-|Ankyrin repeat domain-containing protein	RNA polymerase II, heptapeptide repeat, eukaryotic|Involucrin repeat|Mastermind-like protein 2, transcriptional activation domain|Nuclear pore complex interacting protein|Golgin subfamily A member 6-like|NBPF|Proline-rich protein|-	FAM186A, PQQAQ repeat|RNA polymerase II, heptapeptide repeat, eukaryotic|Protein arginine N-methyltransferase|Golgin subfamily A member 6-like|Forkhead box protein P|Dolichyl-diphosphooligosaccharide--protein glycosyltransferase subunit Swp1|LIPIN family|TMEM9/TMEM9B
33	IPR049147|IPR008814|IPR025799|IPR000684|IPR050998|IPR026737|IPR026058|IPR024162	IPR049147|IPR000684|IPR025799|IPR008814|IPR050998|IPR026737|IPR026058|IPR008853	IPR000684|IPR049147|IPR026737|IPR050998|IPR025799|IPR008814|IPR000354|IPR009443	IPR000684|IPR000354|IPR048452|IPR009443|IPR026737|IPR050998|IPR049147|IPR055306	FAM186A, PQQAQ repeat|Dolichyl-diphosphooligosaccharide--protein glycosyltransferase subunit Swp1|Protein arginine N-methyltransferase|RNA polymerase II, heptapeptide repeat, eukaryotic|Forkhead box protein P|Golgin subfamily A member 6-like|LIPIN family|Adaptor protein Cbl	FAM186A, PQQAQ repeat|RNA polymerase II, heptapeptide repeat, eukaryotic|Protein arginine N-methyltransferase|Dolichyl-diphosphooligosaccharide--protein glycosyltransferase subunit Swp1|Forkhead box protein P|Golgin subfamily A member 6-like|LIPIN family|TMEM9/TMEM9B	RNA polymerase II, heptapeptide repeat, eukaryotic|FAM186A, PQQAQ repeat|Golgin subfamily A member 6-like|Forkhead box protein P|Protein arginine N-methyltransferase|Dolichyl-diphosphooligosaccharide--protein glycosyltransferase subunit Swp1|Involucrin repeat|Nuclear pore complex interacting protein	RNA polymerase II, heptapeptide repeat, eukaryotic|Involucrin repeat|Mastermind-like protein 2, transcriptional activation domain|Nuclear pore complex interacting protein|Golgin subfamily A member 6-like|Forkhead box protein P|FAM186A, PQQAQ repeat|NBPF
34	IPR049147|IPR008814|IPR025799|IPR000684|IPR050998|IPR026737|IPR026058|IPR024162	IPR049147|IPR000684|IPR025799|IPR008814|IPR050998|IPR026737|IPR026058|IPR008853	IPR000684|IPR049147|IPR026737|IPR050998|IPR025799|IPR008814|IPR000354|IPR009443	IPR000684|IPR000354|IPR048452|IPR009443|IPR026737|IPR050998|IPR049147|IPR055306	FAM186A, PQQAQ repeat|Dolichyl-diphosphooligosaccharide--protein glycosyltransferase subunit Swp1|Protein arginine N-methyltransferase|RNA polymerase II, heptapeptide repeat, eukaryotic|Forkhead box protein P|Golgin subfamily A member 6-like|LIPIN family|Adaptor protein Cbl	FAM186A, PQQAQ repeat|RNA polymerase II, heptapeptide repeat, eukaryotic|Protein arginine N-methyltransferase|Dolichyl-diphosphooligosaccharide--protein glycosyltransferase subunit Swp1|Forkhead box protein P|Golgin subfamily A member 6-like|LIPIN family|TMEM9/TMEM9B	RNA polymerase II, heptapeptide repeat, eukaryotic|FAM186A, PQQAQ repeat|Golgin subfamily A member 6-like|Forkhead box protein P|Protein arginine N-methyltransferase|Dolichyl-diphosphooligosaccharide--protein glycosyltransferase subunit Swp1|Involucrin repeat|Nuclear pore complex interacting protein	RNA polymerase II, heptapeptide repeat, eukaryotic|Involucrin repeat|Mastermind-like protein 2, transcriptional activation domain|Nuclear pore complex interacting protein|Golgin subfamily A member 6-like|Forkhead box protein P|FAM186A, PQQAQ repeat|NBPF
35	IPR049147|IPR008814|IPR025799|IPR000684|IPR050998|IPR026737|IPR026058|IPR024162	IPR000684|IPR049147|IPR026737|IPR050998|IPR025799|IPR008814|IPR008853|IPR026058	IPR000684|IPR049147|IPR026737|IPR050998|IPR025799|IPR008814|IPR000354|IPR009443	IPR000684|IPR000354|IPR048452|IPR009443|IPR026737|IPR050998|IPR049147|IPR055306	FAM186A, PQQAQ repeat|Dolichyl-diphosphooligosaccharide--protein glycosyltransferase subunit Swp1|Protein arginine N-methyltransferase|RNA polymerase II, heptapeptide repeat, eukaryotic|Forkhead box protein P|Golgin subfamily A member 6-like|LIPIN family|Adaptor protein Cbl	RNA polymerase II, heptapeptide repeat, eukaryotic|FAM186A, PQQAQ repeat|Golgin subfamily A member 6-like|Forkhead box protein P|Protein arginine N-methyltransferase|Dolichyl-diphosphooligosaccharide--protein glycosyltransferase subunit Swp1|TMEM9/TMEM9B|LIPIN family	RNA polymerase II, heptapeptide repeat, eukaryotic|FAM186A, PQQAQ repeat|Golgin subfamily A member 6-like|Forkhead box protein P|Protein arginine N-methyltransferase|Dolichyl-diphosphooligosaccharide--protein glycosyltransferase subunit Swp1|Involucrin repeat|Nuclear pore complex interacting protein	RNA polymerase II, heptapeptide repeat, eukaryotic|Involucrin repeat|Mastermind-like protein 2, transcriptional activation domain|Nuclear pore complex interacting protein|Golgin subfamily A member 6-like|Forkhead box protein P|FAM186A, PQQAQ repeat|NBPF
36	IPR049147|IPR008814|IPR025799|IPR000684|IPR050998|IPR026737|IPR026058|IPR024162	IPR000684|IPR049147|IPR026737|IPR050998|IPR025799|IPR008814|IPR008853|IPR026058	IPR000684|IPR049147|IPR026737|IPR050998|IPR025799|IPR008814|IPR000354|IPR009443	IPR000684|IPR000354|IPR048452|IPR009443|IPR026737|IPR050998|IPR049147|IPR055306	FAM186A, PQQAQ repeat|Dolichyl-diphosphooligosaccharide--protein glycosyltransferase subunit Swp1|Protein arginine N-methyltransferase|RNA polymerase II, heptapeptide repeat, eukaryotic|Forkhead box protein P|Golgin subfamily A member 6-like|LIPIN family|Adaptor protein Cbl	RNA polymerase II, heptapeptide repeat, eukaryotic|FAM186A, PQQAQ repeat|Golgin subfamily A member 6-like|Forkhead box protein P|Protein arginine N-methyltransferase|Dolichyl-diphosphooligosaccharide--protein glycosyltransferase subunit Swp1|TMEM9/TMEM9B|LIPIN family	RNA polymerase II, heptapeptide repeat, eukaryotic|FAM186A, PQQAQ repeat|Golgin subfamily A member 6-like|Forkhead box protein P|Protein arginine N-methyltransferase|Dolichyl-diphosphooligosaccharide--protein glycosyltransferase subunit Swp1|Involucrin repeat|Nuclear pore complex interacting protein	RNA polymerase II, heptapeptide repeat, eukaryotic|Involucrin repeat|Mastermind-like protein 2, transcriptional activation domain|Nuclear pore complex interacting protein|Golgin subfamily A member 6-like|Forkhead box protein P|FAM186A, PQQAQ repeat|NBPF
37	IPR049147|IPR008814|IPR025799|IPR000684|IPR050998|IPR026737|IPR026058|IPR024162	IPR000684|IPR049147|IPR026737|IPR050998|IPR025799|IPR008814|IPR008853|IPR026058	IPR000684|IPR049147|IPR026737|IPR050998|IPR025799|IPR008814|IPR000354|IPR009443	IPR000684|IPR000354|IPR048452|IPR009443|IPR026737|IPR050998|IPR049147|IPR055306	FAM186A, PQQAQ repeat|Dolichyl-diphosphooligosaccharide--protein glycosyltransferase subunit Swp1|Protein arginine N-methyltransferase|RNA polymerase II, heptapeptide repeat, eukaryotic|Forkhead box protein P|Golgin subfamily A member 6-like|LIPIN family|Adaptor protein Cbl	RNA polymerase II, heptapeptide repeat, eukaryotic|FAM186A, PQQAQ repeat|Golgin subfamily A member 6-like|Forkhead box protein P|Protein arginine N-methyltransferase|Dolichyl-diphosphooligosaccharide--protein glycosyltransferase subunit Swp1|TMEM9/TMEM9B|LIPIN family	RNA polymerase II, heptapeptide repeat, eukaryotic|FAM186A, PQQAQ repeat|Golgin subfamily A member 6-like|Forkhead box protein P|Protein arginine N-methyltransferase|Dolichyl-diphosphooligosaccharide--protein glycosyltransferase subunit Swp1|Involucrin repeat|Nuclear pore complex interacting protein	RNA polymerase II, heptapeptide repeat, eukaryotic|Involucrin repeat|Mastermind-like protein 2, transcriptional activation domain|Nuclear pore complex interacting protein|Golgin subfamily A member 6-like|Forkhead box protein P|FAM186A, PQQAQ repeat|NBPF
38	IPR049147|IPR008814|IPR025799|IPR000684|IPR050998|IPR026737|IPR026058|IPR024162	IPR000684|IPR049147|IPR026737|IPR050998|IPR025799|IPR008814|IPR008853|IPR026058	IPR000684|IPR049147|IPR026737|IPR050998|IPR025799|IPR008814|IPR000354|IPR009443	IPR000684|IPR000354|IPR048452|IPR009443|IPR026737|IPR050998|IPR049147|IPR055306	FAM186A, PQQAQ repeat|Dolichyl-diphosphooligosaccharide--protein glycosyltransferase subunit Swp1|Protein arginine N-methyltransferase|RNA polymerase II, heptapeptide repeat, eukaryotic|Forkhead box protein P|Golgin subfamily A member 6-like|LIPIN family|Adaptor protein Cbl	RNA polymerase II, heptapeptide repeat, eukaryotic|FAM186A, PQQAQ repeat|Golgin subfamily A member 6-like|Forkhead box protein P|Protein arginine N-methyltransferase|Dolichyl-diphosphooligosaccharide--protein glycosyltransferase subunit Swp1|TMEM9/TMEM9B|LIPIN family	RNA polymerase II, heptapeptide repeat, eukaryotic|FAM186A, PQQAQ repeat|Golgin subfamily A member 6-like|Forkhead box protein P|Protein arginine N-methyltransferase|Dolichyl-diphosphooligosaccharide--protein glycosyltransferase subunit Swp1|Involucrin repeat|Nuclear pore complex interacting protein	RNA polymerase II, heptapeptide repeat, eukaryotic|Involucrin repeat|Mastermind-like protein 2, transcriptional activation domain|Nuclear pore complex interacting protein|Golgin subfamily A member 6-like|Forkhead box protein P|FAM186A, PQQAQ repeat|NBPF
39	IPR049147|IPR008814|IPR025799|IPR000684|IPR050998|IPR026737|IPR026058|IPR024162	IPR000684|IPR049147|IPR026737|IPR050998|IPR025799|IPR008814|IPR008853|IPR026058	IPR000684|IPR049147|IPR026737|IPR050998|IPR025799|IPR008814|IPR000354|IPR009443	IPR000684|IPR000354|IPR048452|IPR009443|IPR026737|IPR050998|IPR049147|IPR055306	FAM186A, PQQAQ repeat|Dolichyl-diphosphooligosaccharide--protein glycosyltransferase subunit Swp1|Protein arginine N-methyltransferase|RNA polymerase II, heptapeptide repeat, eukaryotic|Forkhead box protein P|Golgin subfamily A member 6-like|LIPIN family|Adaptor protein Cbl	RNA polymerase II, heptapeptide repeat, eukaryotic|FAM186A, PQQAQ repeat|Golgin subfamily A member 6-like|Forkhead box protein P|Protein arginine N-methyltransferase|Dolichyl-diphosphooligosaccharide--protein glycosyltransferase subunit Swp1|TMEM9/TMEM9B|LIPIN family	RNA polymerase II, heptapeptide repeat, eukaryotic|FAM186A, PQQAQ repeat|Golgin subfamily A member 6-like|Forkhead box protein P|Protein arginine N-methyltransferase|Dolichyl-diphosphooligosaccharide--protein glycosyltransferase subunit Swp1|Involucrin repeat|Nuclear pore complex interacting protein	RNA polymerase II, heptapeptide repeat, eukaryotic|Involucrin repeat|Mastermind-like protein 2, transcriptional activation domain|Nuclear pore complex interacting protein|Golgin subfamily A member 6-like|Forkhead box protein P|FAM186A, PQQAQ repeat|NBPF
40	IPR049147|IPR008814|IPR025799|IPR000684|IPR050998|IPR026737|IPR026058|IPR024162	IPR000684|IPR049147|IPR026737|IPR050998|IPR025799|IPR008814|IPR008853|IPR026058	-|IPR000225|IPR002048|IPR004908|IPR002110|IPR001680|IPR014890|IPR007886	IPR013612|IPR002183|IPR052009|IPR051594|IPR006574|IPR007129|IPR047119|IPR001148	FAM186A, PQQAQ repeat|Dolichyl-diphosphooligosaccharide--protein glycosyltransferase subunit Swp1|Protein arginine N-methyltransferase|RNA polymerase II, heptapeptide repeat, eukaryotic|Forkhead box protein P|Golgin subfamily A member 6-like|LIPIN family|Adaptor protein Cbl	RNA polymerase II, heptapeptide repeat, eukaryotic|FAM186A, PQQAQ repeat|Golgin subfamily A member 6-like|Forkhead box protein P|Protein arginine N-methyltransferase|Dolichyl-diphosphooligosaccharide--protein glycosyltransferase subunit Swp1|TMEM9/TMEM9B|LIPIN family	-|Armadillo|EF-hand domain|ATPase, V1 complex, subunit H|Ankyrin repeat|WD40 repeat|c-SKI SMAD4-binding domain|Alanine dehydrogenase/pyridine nucleotide transhydrogenase, N-terminal	Amino acid permease, N-terminal|Interleukin-3|Archaemetzincin|KRIT1/FRMD8|SPRY-associated|Ubiquinol-cytochrome c chaperone, CBP3|Forkhead box protein N2/3-like|Alpha carbonic anhydrase domain
41	IPR029715|IPR052772|IPR042334|-|IPR037388|IPR042417|IPR031099|IPR030559	IPR029715|IPR031589|IPR040342|IPR038980|-|IPR031620|IPR032365|IPR050517	IPR000684|IPR049147|IPR026737|IPR050998|IPR025799|IPR008814|IPR000354|IPR009443	IPR000684|IPR000354|IPR048452|IPR009443|IPR026737|IPR050998|IPR049147|IPR055306	Shieldin complex subunit 2|Endonuclease/Polynucleotide Kinase Domain-Containing Protein|Ankyrin repeat domain-containing protein 31|-|Kinetochore scaffold 1|Partner and localizer of BRCA2|BRCA1-associated|DNA polymerase zeta catalytic subunit	Shieldin complex subunit 2|Shieldin complex subunit 2, C-terminal domain|Uncharacterized protein C20orf194-like|Serine/threonine-protein kinase ATM, plant|-|DDB1- and CUL4-associated factor 17|BCL-6 corepressor, PCGF1 binding domain|DNA Damage Response and Repair Kinase	RNA polymerase II, heptapeptide repeat, eukaryotic|FAM186A, PQQAQ repeat|Golgin subfamily A member 6-like|Forkhead box protein P|Protein arginine N-methyltransferase|Dolichyl-diphosphooligosaccharide--protein glycosyltransferase subunit Swp1|Involucrin repeat|Nuclear pore complex interacting protein	RNA polymerase II, heptapeptide repeat, eukaryotic|Involucrin repeat|Mastermind-like protein 2, transcriptional activation domain|Nuclear pore complex interacting protein|Golgin subfamily A member 6-like|Forkhead box protein P|FAM186A, PQQAQ repeat|NBPF
42	IPR049147|IPR008814|IPR025799|IPR000684|IPR050998|IPR026737|IPR026058|IPR024162	IPR000684|IPR049147|IPR026737|IPR050998|IPR025799|IPR008814|IPR008853|IPR026058	IPR045349|IPR050449|IPR001680|IPR025069|IPR028123|IPR050734|IPR028266|IPR049535	IPR008908|IPR037608|IPR050174|IPR001050|IPR052771|IPR051622|IPR022078|IPR051277	FAM186A, PQQAQ repeat|Dolichyl-diphosphooligosaccharide--protein glycosyltransferase subunit Swp1|Protein arginine N-methyltransferase|RNA polymerase II, heptapeptide repeat, eukaryotic|Forkhead box protein P|Golgin subfamily A member 6-like|LIPIN family|Adaptor protein Cbl	RNA polymerase II, heptapeptide repeat, eukaryotic|FAM186A, PQQAQ repeat|Golgin subfamily A member 6-like|Forkhead box protein P|Protein arginine N-methyltransferase|Dolichyl-diphosphooligosaccharide--protein glycosyltransferase subunit Swp1|TMEM9/TMEM9B|LIPIN family	SLC41A divalent cation transporter|Ephrin receptor tyrosine kinases|WD40 repeat|Cleavage and polyadenylation specificity factor 2, C-terminal|TMEM210 family|PIH1 family, Kintoun subfamily|Tumor protein p53-inducible protein 11|Glycophorin A/B	Sarcoglycan alpha/epsilon|Stromal interaction molecule|Protocadherin/Cadherin-related Cell Adhesion|Syndecan|Neurotrophin-activated signaling adaptor|Receptor-type Tyrosine-protein Phosphatases|CD99 antigen-like protein 2|SEZ6/CSMD/C4BPB Neuronal & Immune Regulators
43	IPR049147|IPR008814|IPR025799|IPR000684|IPR050998|IPR026737|IPR026058|IPR024162	IPR000684|IPR049147|IPR026737|IPR050998|IPR025799|IPR008814|IPR008853|IPR026058	IPR002110|IPR019734|IPR000225|IPR005615|IPR014837|-|IPR002738|IPR054069	IPR001050|IPR022078|-|IPR050713|IPR031176|IPR000333|IPR018890|IPR045786	FAM186A, PQQAQ repeat|Dolichyl-diphosphooligosaccharide--protein glycosyltransferase subunit Swp1|Protein arginine N-methyltransferase|RNA polymerase II, heptapeptide repeat, eukaryotic|Forkhead box protein P|Golgin subfamily A member 6-like|LIPIN family|Adaptor protein Cbl	RNA polymerase II, heptapeptide repeat, eukaryotic|FAM186A, PQQAQ repeat|Golgin subfamily A member 6-like|Forkhead box protein P|Protein arginine N-methyltransferase|Dolichyl-diphosphooligosaccharide--protein glycosyltransferase subunit Swp1|TMEM9/TMEM9B|LIPIN family	Ankyrin repeat|Tetratricopeptide repeat|Armadillo|Glutathione synthase|EF-hand, Ca insensitive|-|RNase P subunit p30|Calpain-3/13-like, C-terminal EF-hand	Syndecan|CD99 antigen-like protein 2|-|Receptor-type Tyrosine-protein Phosphatases/Ushers|ELL/occludin family|Ser/Thr protein kinase, TGFB receptor|FAM171|Rho GTPase-activating protein, pG1 and pG2 domain
44	IPR049147|IPR008814|IPR025799|IPR000684|IPR050998|IPR026737|IPR026058|IPR024162	IPR000684|IPR049147|IPR026737|IPR050998|IPR025799|IPR008814|IPR008853|IPR026058	IPR000684|IPR049147|IPR026737|IPR050998|IPR025799|IPR008814|IPR000354|IPR009443	IPR000684|IPR000354|IPR048452|IPR009443|IPR026737|IPR050998|IPR049147|IPR055306	FAM186A, PQQAQ repeat|Dolichyl-diphosphooligosaccharide--protein glycosyltransferase subunit Swp1|Protein arginine N-methyltransferase|RNA polymerase II, heptapeptide repeat, eukaryotic|Forkhead box protein P|Golgin subfamily A member 6-like|LIPIN family|Adaptor protein Cbl	RNA polymerase II, heptapeptide repeat, eukaryotic|FAM186A, PQQAQ repeat|Golgin subfamily A member 6-like|Forkhead box protein P|Protein arginine N-methyltransferase|Dolichyl-diphosphooligosaccharide--protein glycosyltransferase subunit Swp1|TMEM9/TMEM9B|LIPIN family	RNA polymerase II, heptapeptide repeat, eukaryotic|FAM186A, PQQAQ repeat|Golgin subfamily A member 6-like|Forkhead box protein P|Protein arginine N-methyltransferase|Dolichyl-diphosphooligosaccharide--protein glycosyltransferase subunit Swp1|Involucrin repeat|Nuclear pore complex interacting protein	RNA polymerase II, heptapeptide repeat, eukaryotic|Involucrin repeat|Mastermind-like protein 2, transcriptional activation domain|Nuclear pore complex interacting protein|Golgin subfamily A member 6-like|Forkhead box protein P|FAM186A, PQQAQ repeat|NBPF
45	IPR049147|IPR008814|IPR025799|IPR000684|IPR050998|IPR026737|IPR026058|IPR024162	IPR000684|IPR049147|IPR026737|IPR050998|IPR025799|IPR008814|IPR008853|IPR026058	IPR000684|IPR049147|IPR026737|IPR050998|IPR025799|IPR008814|IPR000354|IPR009443	IPR000684|IPR000354|IPR048452|IPR009443|IPR026737|IPR050998|IPR049147|IPR055306	FAM186A, PQQAQ repeat|Dolichyl-diphosphooligosaccharide--protein glycosyltransferase subunit Swp1|Protein arginine N-methyltransferase|RNA polymerase II, heptapeptide repeat, eukaryotic|Forkhead box protein P|Golgin subfamily A member 6-like|LIPIN family|Adaptor protein Cbl	RNA polymerase II, heptapeptide repeat, eukaryotic|FAM186A, PQQAQ repeat|Golgin subfamily A member 6-like|Forkhead box protein P|Protein arginine N-methyltransferase|Dolichyl-diphosphooligosaccharide--protein glycosyltransferase subunit Swp1|TMEM9/TMEM9B|LIPIN family	RNA polymerase II, heptapeptide repeat, eukaryotic|FAM186A, PQQAQ repeat|Golgin subfamily A member 6-like|Forkhead box protein P|Protein arginine N-methyltransferase|Dolichyl-diphosphooligosaccharide--protein glycosyltransferase subunit Swp1|Involucrin repeat|Nuclear pore complex interacting protein	RNA polymerase II, heptapeptide repeat, eukaryotic|Involucrin repeat|Mastermind-like protein 2, transcriptional activation domain|Nuclear pore complex interacting protein|Golgin subfamily A member 6-like|Forkhead box protein P|FAM186A, PQQAQ repeat|NBPF
46	IPR049147|IPR008814|IPR025799|IPR000684|IPR050998|IPR026737|IPR026058|IPR024162	IPR000684|IPR049147|IPR026737|IPR050998|IPR025799|IPR008814|IPR008853|IPR026058	IPR000684|IPR049147|IPR026737|IPR050998|IPR025799|IPR008814|IPR000354|IPR009443	IPR000684|IPR000354|IPR048452|IPR009443|IPR026737|IPR050998|IPR049147|IPR055306	FAM186A, PQQAQ repeat|Dolichyl-diphosphooligosaccharide--protein glycosyltransferase subunit Swp1|Protein arginine N-methyltransferase|RNA polymerase II, heptapeptide repeat, eukaryotic|Forkhead box protein P|Golgin subfamily A member 6-like|LIPIN family|Adaptor protein Cbl	RNA polymerase II, heptapeptide repeat, eukaryotic|FAM186A, PQQAQ repeat|Golgin subfamily A member 6-like|Forkhead box protein P|Protein arginine N-methyltransferase|Dolichyl-diphosphooligosaccharide--protein glycosyltransferase subunit Swp1|TMEM9/TMEM9B|LIPIN family	RNA polymerase II, heptapeptide repeat, eukaryotic|FAM186A, PQQAQ repeat|Golgin subfamily A member 6-like|Forkhead box protein P|Protein arginine N-methyltransferase|Dolichyl-diphosphooligosaccharide--protein glycosyltransferase subunit Swp1|Involucrin repeat|Nuclear pore complex interacting protein	RNA polymerase II, heptapeptide repeat, eukaryotic|Involucrin repeat|Mastermind-like protein 2, transcriptional activation domain|Nuclear pore complex interacting protein|Golgin subfamily A member 6-like|Forkhead box protein P|FAM186A, PQQAQ repeat|NBPF
47	IPR049147|IPR008814|IPR025799|IPR000684|IPR050998|IPR026737|IPR026058|IPR024162	IPR000684|IPR049147|IPR026737|IPR050998|IPR025799|IPR008814|IPR008853|IPR026058	IPR000684|IPR049147|IPR026737|IPR050998|IPR025799|IPR008814|IPR000354|IPR009443	IPR000684|IPR000354|IPR048452|IPR009443|IPR026737|IPR050998|IPR049147|IPR055306	FAM186A, PQQAQ repeat|Dolichyl-diphosphooligosaccharide--protein glycosyltransferase subunit Swp1|Protein arginine N-methyltransferase|RNA polymerase II, heptapeptide repeat, eukaryotic|Forkhead box protein P|Golgin subfamily A member 6-like|LIPIN family|Adaptor protein Cbl	RNA polymerase II, heptapeptide repeat, eukaryotic|FAM186A, PQQAQ repeat|Golgin subfamily A member 6-like|Forkhead box protein P|Protein arginine N-methyltransferase|Dolichyl-diphosphooligosaccharide--protein glycosyltransferase subunit Swp1|TMEM9/TMEM9B|LIPIN family	RNA polymerase II, heptapeptide repeat, eukaryotic|FAM186A, PQQAQ repeat|Golgin subfamily A member 6-like|Forkhead box protein P|Protein arginine N-methyltransferase|Dolichyl-diphosphooligosaccharide--protein glycosyltransferase subunit Swp1|Involucrin repeat|Nuclear pore complex interacting protein	RNA polymerase II, heptapeptide repeat, eukaryotic|Involucrin repeat|Mastermind-like protein 2, transcriptional activation domain|Nuclear pore complex interacting protein|Golgin subfamily A member 6-like|Forkhead box protein P|FAM186A, PQQAQ repeat|NBPF
48	IPR049147|IPR008814|IPR025799|IPR000684|IPR050998|IPR026737|IPR026058|IPR024162	IPR000684|IPR049147|IPR026737|IPR050998|IPR025799|IPR008814|IPR008853|IPR026058	IPR000684|IPR049147|IPR026737|IPR050998|IPR025799|IPR008814|IPR000354|IPR009443	IPR000684|IPR000354|IPR048452|IPR009443|IPR026737|IPR050998|IPR049147|IPR055306	FAM186A, PQQAQ repeat|Dolichyl-diphosphooligosaccharide--protein glycosyltransferase subunit Swp1|Protein arginine N-methyltransferase|RNA polymerase II, heptapeptide repeat, eukaryotic|Forkhead box protein P|Golgin subfamily A member 6-like|LIPIN family|Adaptor protein Cbl	RNA polymerase II, heptapeptide repeat, eukaryotic|FAM186A, PQQAQ repeat|Golgin subfamily A member 6-like|Forkhead box protein P|Protein arginine N-methyltransferase|Dolichyl-diphosphooligosaccharide--protein glycosyltransferase subunit Swp1|TMEM9/TMEM9B|LIPIN family	RNA polymerase II, heptapeptide repeat, eukaryotic|FAM186A, PQQAQ repeat|Golgin subfamily A member 6-like|Forkhead box protein P|Protein arginine N-methyltransferase|Dolichyl-diphosphooligosaccharide--protein glycosyltransferase subunit Swp1|Involucrin repeat|Nuclear pore complex interacting protein	RNA polymerase II, heptapeptide repeat, eukaryotic|Involucrin repeat|Mastermind-like protein 2, transcriptional activation domain|Nuclear pore complex interacting protein|Golgin subfamily A member 6-like|Forkhead box protein P|FAM186A, PQQAQ repeat|NBPF
49	IPR049147|IPR008814|IPR025799|IPR000684|IPR050998|IPR026737|IPR026058|IPR024162	IPR000684|IPR049147|IPR026737|IPR050998|IPR025799|IPR008814|IPR008853|IPR026058	IPR000684|IPR049147|IPR026737|IPR050998|IPR025799|IPR008814|IPR000354|IPR009443	IPR000684|IPR000354|IPR048452|IPR009443|IPR026737|IPR050998|IPR049147|IPR055306	FAM186A, PQQAQ repeat|Dolichyl-diphosphooligosaccharide--protein glycosyltransferase subunit Swp1|Protein arginine N-methyltransferase|RNA polymerase II, heptapeptide repeat, eukaryotic|Forkhead box protein P|Golgin subfamily A member 6-like|LIPIN family|Adaptor protein Cbl	RNA polymerase II, heptapeptide repeat, eukaryotic|FAM186A, PQQAQ repeat|Golgin subfamily A member 6-like|Forkhead box protein P|Protein arginine N-methyltransferase|Dolichyl-diphosphooligosaccharide--protein glycosyltransferase subunit Swp1|TMEM9/TMEM9B|LIPIN family	RNA polymerase II, heptapeptide repeat, eukaryotic|FAM186A, PQQAQ repeat|Golgin subfamily A member 6-like|Forkhead box protein P|Protein arginine N-methyltransferase|Dolichyl-diphosphooligosaccharide--protein glycosyltransferase subunit Swp1|Involucrin repeat|Nuclear pore complex interacting protein	RNA polymerase II, heptapeptide repeat, eukaryotic|Involucrin repeat|Mastermind-like protein 2, transcriptional activation domain|Nuclear pore complex interacting protein|Golgin subfamily A member 6-like|Forkhead box protein P|FAM186A, PQQAQ repeat|NBPF
50	IPR049147|IPR008814|IPR025799|IPR000684|IPR050998|IPR026737|IPR026058|IPR024162	IPR000684|IPR049147|IPR026737|IPR050998|IPR025799|IPR008814|IPR008853|IPR026058	IPR000684|IPR049147|IPR026737|IPR050998|IPR025799|IPR008814|IPR000354|IPR009443	IPR000684|IPR000354|IPR048452|IPR009443|IPR026737|IPR050998|IPR049147|IPR055306	FAM186A, PQQAQ repeat|Dolichyl-diphosphooligosaccharide--protein glycosyltransferase subunit Swp1|Protein arginine N-methyltransferase|RNA polymerase II, heptapeptide repeat, eukaryotic|Forkhead box protein P|Golgin subfamily A member 6-like|LIPIN family|Adaptor protein Cbl	RNA polymerase II, heptapeptide repeat, eukaryotic|FAM186A, PQQAQ repeat|Golgin subfamily A member 6-like|Forkhead box protein P|Protein arginine N-methyltransferase|Dolichyl-diphosphooligosaccharide--protein glycosyltransferase subunit Swp1|TMEM9/TMEM9B|LIPIN family	RNA polymerase II, heptapeptide repeat, eukaryotic|FAM186A, PQQAQ repeat|Golgin subfamily A member 6-like|Forkhead box protein P|Protein arginine N-methyltransferase|Dolichyl-diphosphooligosaccharide--protein glycosyltransferase subunit Swp1|Involucrin repeat|Nuclear pore complex interacting protein	RNA polymerase II, heptapeptide repeat, eukaryotic|Involucrin repeat|Mastermind-like protein 2, transcriptional activation domain|Nuclear pore complex interacting protein|Golgin subfamily A member 6-like|Forkhead box protein P|FAM186A, PQQAQ repeat|NBPF
51	IPR006615|IPR000949|IPR004908|IPR027936|IPR051277|IPR051066|IPR003782|IPR007728	IPR023561|IPR001148|IPR050779|IPR022684|IPR050281|IPR007946|IPR001192|IPR051064	IPR000684|IPR049147|IPR026737|IPR050998|IPR025799|IPR008814|IPR000354|IPR009443	IPR000684|IPR000354|IPR048452|IPR009443|IPR026737|IPR050998|IPR049147|IPR055306	Peptidase C19, ubiquitin-specific peptidase, DUSP domain|ELM2 domain|ATPase, V1 complex, subunit H|Ephrin receptor, transmembrane domain|SEZ6/CSMD/C4BPB Neuronal & Immune Regulators|Transcriptional Regulator and Corepressor|Copper chaperone SCO1/SenC|Pre-SET domain	Carbonic anhydrase, alpha-class|Alpha carbonic anhydrase domain|Protein-glutamine gamma-glutamyltransferases|Peptidase C2, calpain family|Flavin monoamine oxidase and related enzymes|A1 cistron-splicing factor, AAR2|Phosphoinositide phospholipase C family|SEC14-like and CRAL-TRIO domain-containing protein	RNA polymerase II, heptapeptide repeat, eukaryotic|FAM186A, PQQAQ repeat|Golgin subfamily A member 6-like|Forkhead box protein P|Protein arginine N-methyltransferase|Dolichyl-diphosphooligosaccharide--protein glycosyltransferase subunit Swp1|Involucrin repeat|Nuclear pore complex interacting protein	RNA polymerase II, heptapeptide repeat, eukaryotic|Involucrin repeat|Mastermind-like protein 2, transcriptional activation domain|Nuclear pore complex interacting protein|Golgin subfamily A member 6-like|Forkhead box protein P|FAM186A, PQQAQ repeat|NBPF
52	-|IPR029181|IPR042337|IPR009932|IPR029387|IPR005398|IPR007483|IPR037394	IPR055409|IPR045232|IPR026895|IPR050310|IPR028751|IPR052252|IPR026501|IPR051495	IPR000684|IPR049147|IPR026737|IPR050998|IPR025799|IPR008814|IPR000354|IPR009443	IPR000684|IPR000354|IPR048452|IPR009443|IPR026737|IPR050998|IPR049147|IPR055306	-|Barttin|Genetic suppressor element 1|RCS1|Organic solute transporter subunit beta|Tubby, N-terminal|Hamartin|Protein TBATA-like	FAM234A/B, beta-propeller|Protein FAM234|ER membrane protein complex subunit 1|VPS10-related sortilin family receptors|Cation channel sperm-associated auxiliary subunit delta/epsilon|Cell surface hyaluronidase CEMIP/CEMIP2|Limbin/EvC complex member EVC|Epithelial Barrier and Cell Signaling Protein	RNA polymerase II, heptapeptide repeat, eukaryotic|FAM186A, PQQAQ repeat|Golgin subfamily A member 6-like|Forkhead box protein P|Protein arginine N-methyltransferase|Dolichyl-diphosphooligosaccharide--protein glycosyltransferase subunit Swp1|Involucrin repeat|Nuclear pore complex interacting protein	RNA polymerase II, heptapeptide repeat, eukaryotic|Involucrin repeat|Mastermind-like protein 2, transcriptional activation domain|Nuclear pore complex interacting protein|Golgin subfamily A member 6-like|Forkhead box protein P|FAM186A, PQQAQ repeat|NBPF
53	IPR049147|IPR008814|IPR025799|IPR000684|IPR050998|IPR026737|IPR026058|IPR024162	IPR000684|IPR049147|IPR026737|IPR050998|IPR025799|IPR008814|IPR008853|IPR026058	IPR000684|IPR049147|IPR026737|IPR050998|IPR025799|IPR008814|IPR000354|IPR009443	IPR000684|IPR000354|IPR048452|IPR009443|IPR026737|IPR050998|IPR049147|IPR055306	FAM186A, PQQAQ repeat|Dolichyl-diphosphooligosaccharide--protein glycosyltransferase subunit Swp1|Protein arginine N-methyltransferase|RNA polymerase II, heptapeptide repeat, eukaryotic|Forkhead box protein P|Golgin subfamily A member 6-like|LIPIN family|Adaptor protein Cbl	RNA polymerase II, heptapeptide repeat, eukaryotic|FAM186A, PQQAQ repeat|Golgin subfamily A member 6-like|Forkhead box protein P|Protein arginine N-methyltransferase|Dolichyl-diphosphooligosaccharide--protein glycosyltransferase subunit Swp1|TMEM9/TMEM9B|LIPIN family	RNA polymerase II, heptapeptide repeat, eukaryotic|FAM186A, PQQAQ repeat|Golgin subfamily A member 6-like|Forkhead box protein P|Protein arginine N-methyltransferase|Dolichyl-diphosphooligosaccharide--protein glycosyltransferase subunit Swp1|Involucrin repeat|Nuclear pore complex interacting protein	RNA polymerase II, heptapeptide repeat, eukaryotic|Involucrin repeat|Mastermind-like protein 2, transcriptional activation domain|Nuclear pore complex interacting protein|Golgin subfamily A member 6-like|Forkhead box protein P|FAM186A, PQQAQ repeat|NBPF
54	IPR049147|IPR008814|IPR025799|IPR000684|IPR050998|IPR026737|IPR026058|IPR024162	IPR000684|IPR049147|IPR026737|IPR050998|IPR025799|IPR008814|IPR008853|IPR026058	IPR000684|IPR049147|IPR026737|IPR050998|IPR025799|IPR008814|IPR000354|IPR009443	IPR000684|IPR000354|IPR048452|IPR009443|IPR026737|IPR050998|IPR049147|IPR055306	FAM186A, PQQAQ repeat|Dolichyl-diphosphooligosaccharide--protein glycosyltransferase subunit Swp1|Protein arginine N-methyltransferase|RNA polymerase II, heptapeptide repeat, eukaryotic|Forkhead box protein P|Golgin subfamily A member 6-like|LIPIN family|Adaptor protein Cbl	RNA polymerase II, heptapeptide repeat, eukaryotic|FAM186A, PQQAQ repeat|Golgin subfamily A member 6-like|Forkhead box protein P|Protein arginine N-methyltransferase|Dolichyl-diphosphooligosaccharide--protein glycosyltransferase subunit Swp1|TMEM9/TMEM9B|LIPIN family	RNA polymerase II, heptapeptide repeat, eukaryotic|FAM186A, PQQAQ repeat|Golgin subfamily A member 6-like|Forkhead box protein P|Protein arginine N-methyltransferase|Dolichyl-diphosphooligosaccharide--protein glycosyltransferase subunit Swp1|Involucrin repeat|Nuclear pore complex interacting protein	RNA polymerase II, heptapeptide repeat, eukaryotic|Involucrin repeat|Mastermind-like protein 2, transcriptional activation domain|Nuclear pore complex interacting protein|Golgin subfamily A member 6-like|Forkhead box protein P|FAM186A, PQQAQ repeat|NBPF
55	IPR051869|IPR015925|IPR038752|IPR029473|IPR026209|IPR005578|IPR037446|IPR051066	-|IPR019358|IPR007311|IPR053033|IPR042834|IPR050927|IPR037692|IPR039055	IPR000684|IPR049147|IPR026737|IPR050998|IPR025799|IPR008814|IPR000354|IPR009443	IPR000684|IPR000354|IPR048452|IPR009443|IPR026737|IPR050998|IPR049147|IPR055306	StAR-related Lipid Transfer (STARD3)|Ryanodine/Inositol 1,4,5-trisphosphate receptor|IQ domain-containing protein H|Cell morphogenesis central region|Wolframin family|Yif1 family|Histidine acid phosphatase, VIP1 family|Transcriptional Regulator and Corepressor	-|NEMP family|ST7|Androglobin-like|Armadillo repeat-containing protein 12|Transient receptor potential cation channel M|Centrosomal protein of 70kDa|MCU family	RNA polymerase II, heptapeptide repeat, eukaryotic|FAM186A, PQQAQ repeat|Golgin subfamily A member 6-like|Forkhead box protein P|Protein arginine N-methyltransferase|Dolichyl-diphosphooligosaccharide--protein glycosyltransferase subunit Swp1|Involucrin repeat|Nuclear pore complex interacting protein	RNA polymerase II, heptapeptide repeat, eukaryotic|Involucrin repeat|Mastermind-like protein 2, transcriptional activation domain|Nuclear pore complex interacting protein|Golgin subfamily A member 6-like|Forkhead box protein P|FAM186A, PQQAQ repeat|NBPF
56	IPR049147|IPR008814|IPR025799|IPR000684|IPR050998|IPR026737|IPR026058|IPR024162	IPR000684|IPR049147|IPR026737|IPR050998|IPR025799|IPR008814|IPR008853|IPR026058	IPR000684|IPR049147|IPR026737|IPR050998|IPR025799|IPR008814|IPR000354|IPR009443	IPR000684|IPR000354|IPR048452|IPR009443|IPR026737|IPR050998|IPR049147|IPR055306	FAM186A, PQQAQ repeat|Dolichyl-diphosphooligosaccharide--protein glycosyltransferase subunit Swp1|Protein arginine N-methyltransferase|RNA polymerase II, heptapeptide repeat, eukaryotic|Forkhead box protein P|Golgin subfamily A member 6-like|LIPIN family|Adaptor protein Cbl	RNA polymerase II, heptapeptide repeat, eukaryotic|FAM186A, PQQAQ repeat|Golgin subfamily A member 6-like|Forkhead box protein P|Protein arginine N-methyltransferase|Dolichyl-diphosphooligosaccharide--protein glycosyltransferase subunit Swp1|TMEM9/TMEM9B|LIPIN family	RNA polymerase II, heptapeptide repeat, eukaryotic|FAM186A, PQQAQ repeat|Golgin subfamily A member 6-like|Forkhead box protein P|Protein arginine N-methyltransferase|Dolichyl-diphosphooligosaccharide--protein glycosyltransferase subunit Swp1|Involucrin repeat|Nuclear pore complex interacting protein	RNA polymerase II, heptapeptide repeat, eukaryotic|Involucrin repeat|Mastermind-like protein 2, transcriptional activation domain|Nuclear pore complex interacting protein|Golgin subfamily A member 6-like|Forkhead box protein P|FAM186A, PQQAQ repeat|NBPF
57	IPR028266|IPR045349|IPR019387|IPR008506|-|IPR050449|IPR007728|IPR027936	IPR027936|IPR050174|IPR050310|IPR037608|IPR052771|IPR027231|IPR051277|IPR000333	IPR000684|IPR049147|IPR026737|IPR050998|IPR025799|IPR008814|IPR000354|IPR009443	IPR000684|IPR000354|IPR048452|IPR009443|IPR026737|IPR050998|IPR049147|IPR055306	Tumor protein p53-inducible protein 11|SLC41A divalent cation transporter|SAYSvFN domain|SRP-independent targeting protein 2/TMEM208|-|Ephrin receptor tyrosine kinases|Pre-SET domain|Ephrin receptor, transmembrane domain	Ephrin receptor, transmembrane domain|Protocadherin/Cadherin-related Cell Adhesion|VPS10-related sortilin family receptors|Stromal interaction molecule|Neurotrophin-activated signaling adaptor|Semaphorin|SEZ6/CSMD/C4BPB Neuronal & Immune Regulators|Ser/Thr protein kinase, TGFB receptor	RNA polymerase II, heptapeptide repeat, eukaryotic|FAM186A, PQQAQ repeat|Golgin subfamily A member 6-like|Forkhead box protein P|Protein arginine N-methyltransferase|Dolichyl-diphosphooligosaccharide--protein glycosyltransferase subunit Swp1|Involucrin repeat|Nuclear pore complex interacting protein	RNA polymerase II, heptapeptide repeat, eukaryotic|Involucrin repeat|Mastermind-like protein 2, transcriptional activation domain|Nuclear pore complex interacting protein|Golgin subfamily A member 6-like|Forkhead box protein P|FAM186A, PQQAQ repeat|NBPF
58	IPR049147|IPR008814|IPR025799|IPR000684|IPR050998|IPR026737|IPR026058|IPR024162	IPR000684|IPR049147|IPR026737|IPR050998|IPR025799|IPR008814|IPR008853|IPR026058	IPR000684|IPR049147|IPR026737|IPR050998|IPR025799|IPR008814|IPR000354|IPR009443	IPR000684|IPR000354|IPR048452|IPR009443|IPR026737|IPR050998|IPR049147|IPR055306	FAM186A, PQQAQ repeat|Dolichyl-diphosphooligosaccharide--protein glycosyltransferase subunit Swp1|Protein arginine N-methyltransferase|RNA polymerase II, heptapeptide repeat, eukaryotic|Forkhead box protein P|Golgin subfamily A member 6-like|LIPIN family|Adaptor protein Cbl	RNA polymerase II, heptapeptide repeat, eukaryotic|FAM186A, PQQAQ repeat|Golgin subfamily A member 6-like|Forkhead box protein P|Protein arginine N-methyltransferase|Dolichyl-diphosphooligosaccharide--protein glycosyltransferase subunit Swp1|TMEM9/TMEM9B|LIPIN family	RNA polymerase II, heptapeptide repeat, eukaryotic|FAM186A, PQQAQ repeat|Golgin subfamily A member 6-like|Forkhead box protein P|Protein arginine N-methyltransferase|Dolichyl-diphosphooligosaccharide--protein glycosyltransferase subunit Swp1|Involucrin repeat|Nuclear pore complex interacting protein	RNA polymerase II, heptapeptide repeat, eukaryotic|Involucrin repeat|Mastermind-like protein 2, transcriptional activation domain|Nuclear pore complex interacting protein|Golgin subfamily A member 6-like|Forkhead box protein P|FAM186A, PQQAQ repeat|NBPF
59	IPR040126|IPR000406|IPR000949|IPR025946|IPR057347|IPR004012|IPR055453|IPR045030	IPR000406|IPR052225|IPR045196|IPR051978|IPR008905|IPR026791|IPR027516|IPR057397	IPR000684|IPR049147|IPR026737|IPR050998|IPR025799|IPR008814|IPR000354|IPR009443	IPR000684|IPR000354|IPR048452|IPR009443|IPR026737|IPR050998|IPR049147|IPR055306	Storkhead-box protein 1/2|Rho protein GDP-dissociation inhibitor|ELM2 domain|CABIT domain|TANGO6, N-terminal domain|RUN domain|TRAPP14, N-terminal|LysM and putative peptidoglycan-binding domain-containing protein 1-4	Rho protein GDP-dissociation inhibitor|Serine/arginine repetitive matrix|Translation initiation factor IF2/IF5|Rho GTPase-activating domain-containing protein|Eukaryotic translation initiation factor 3 subunit C, N-terminal domain|Dedicator of cytokinesis|Eukaryotic translation initiation factor 3 subunit C|5MP1/2-like, HEAT domain	RNA polymerase II, heptapeptide repeat, eukaryotic|FAM186A, PQQAQ repeat|Golgin subfamily A member 6-like|Forkhead box protein P|Protein arginine N-methyltransferase|Dolichyl-diphosphooligosaccharide--protein glycosyltransferase subunit Swp1|Involucrin repeat|Nuclear pore complex interacting protein	RNA polymerase II, heptapeptide repeat, eukaryotic|Involucrin repeat|Mastermind-like protein 2, transcriptional activation domain|Nuclear pore complex interacting protein|Golgin subfamily A member 6-like|Forkhead box protein P|FAM186A, PQQAQ repeat|NBPF
60	IPR049147|IPR008814|IPR025799|IPR000684|IPR050998|IPR026737|IPR026058|IPR024162	IPR000684|IPR049147|IPR026737|IPR050998|IPR025799|IPR008814|IPR008853|IPR026058	IPR000684|IPR049147|IPR026737|IPR050998|IPR025799|IPR008814|IPR000354|IPR009443	IPR000684|IPR000354|IPR048452|IPR009443|IPR026737|IPR050998|IPR049147|IPR055306	FAM186A, PQQAQ repeat|Dolichyl-diphosphooligosaccharide--protein glycosyltransferase subunit Swp1|Protein arginine N-methyltransferase|RNA polymerase II, heptapeptide repeat, eukaryotic|Forkhead box protein P|Golgin subfamily A member 6-like|LIPIN family|Adaptor protein Cbl	RNA polymerase II, heptapeptide repeat, eukaryotic|FAM186A, PQQAQ repeat|Golgin subfamily A member 6-like|Forkhead box protein P|Protein arginine N-methyltransferase|Dolichyl-diphosphooligosaccharide--protein glycosyltransferase subunit Swp1|TMEM9/TMEM9B|LIPIN family	RNA polymerase II, heptapeptide repeat, eukaryotic|FAM186A, PQQAQ repeat|Golgin subfamily A member 6-like|Forkhead box protein P|Protein arginine N-methyltransferase|Dolichyl-diphosphooligosaccharide--protein glycosyltransferase subunit Swp1|Involucrin repeat|Nuclear pore complex interacting protein	RNA polymerase II, heptapeptide repeat, eukaryotic|Involucrin repeat|Mastermind-like protein 2, transcriptional activation domain|Nuclear pore complex interacting protein|Golgin subfamily A member 6-like|Forkhead box protein P|FAM186A, PQQAQ repeat|NBPF
61	IPR049147|IPR008814|IPR025799|IPR000684|IPR050998|IPR026737|IPR026058|IPR024162	IPR000684|IPR049147|IPR026737|IPR050998|IPR025799|IPR008814|IPR008853|IPR026058	IPR000684|IPR049147|IPR026737|IPR050998|IPR025799|IPR008814|IPR000354|IPR009443	IPR000684|IPR000354|IPR048452|IPR009443|IPR026737|IPR050998|IPR049147|IPR055306	FAM186A, PQQAQ repeat|Dolichyl-diphosphooligosaccharide--protein glycosyltransferase subunit Swp1|Protein arginine N-methyltransferase|RNA polymerase II, heptapeptide repeat, eukaryotic|Forkhead box protein P|Golgin subfamily A member 6-like|LIPIN family|Adaptor protein Cbl	RNA polymerase II, heptapeptide repeat, eukaryotic|FAM186A, PQQAQ repeat|Golgin subfamily A member 6-like|Forkhead box protein P|Protein arginine N-methyltransferase|Dolichyl-diphosphooligosaccharide--protein glycosyltransferase subunit Swp1|TMEM9/TMEM9B|LIPIN family	RNA polymerase II, heptapeptide repeat, eukaryotic|FAM186A, PQQAQ repeat|Golgin subfamily A member 6-like|Forkhead box protein P|Protein arginine N-methyltransferase|Dolichyl-diphosphooligosaccharide--protein glycosyltransferase subunit Swp1|Involucrin repeat|Nuclear pore complex interacting protein	RNA polymerase II, heptapeptide repeat, eukaryotic|Involucrin repeat|Mastermind-like protein 2, transcriptional activation domain|Nuclear pore complex interacting protein|Golgin subfamily A member 6-like|Forkhead box protein P|FAM186A, PQQAQ repeat|NBPF
62	IPR049147|IPR008814|IPR025799|IPR000684|IPR050998|IPR026737|IPR026058|IPR024162	IPR000684|IPR049147|IPR026737|IPR050998|IPR025799|IPR008814|IPR008853|IPR026058	IPR000684|IPR049147|IPR026737|IPR050998|IPR025799|IPR008814|IPR000354|IPR009443	IPR000684|IPR000354|IPR048452|IPR009443|IPR026737|IPR050998|IPR049147|IPR055306	FAM186A, PQQAQ repeat|Dolichyl-diphosphooligosaccharide--protein glycosyltransferase subunit Swp1|Protein arginine N-methyltransferase|RNA polymerase II, heptapeptide repeat, eukaryotic|Forkhead box protein P|Golgin subfamily A member 6-like|LIPIN family|Adaptor protein Cbl	RNA polymerase II, heptapeptide repeat, eukaryotic|FAM186A, PQQAQ repeat|Golgin subfamily A member 6-like|Forkhead box protein P|Protein arginine N-methyltransferase|Dolichyl-diphosphooligosaccharide--protein glycosyltransferase subunit Swp1|TMEM9/TMEM9B|LIPIN family	RNA polymerase II, heptapeptide repeat, eukaryotic|FAM186A, PQQAQ repeat|Golgin subfamily A member 6-like|Forkhead box protein P|Protein arginine N-methyltransferase|Dolichyl-diphosphooligosaccharide--protein glycosyltransferase subunit Swp1|Involucrin repeat|Nuclear pore complex interacting protein	RNA polymerase II, heptapeptide repeat, eukaryotic|Involucrin repeat|Mastermind-like protein 2, transcriptional activation domain|Nuclear pore complex interacting protein|Golgin subfamily A member 6-like|Forkhead box protein P|FAM186A, PQQAQ repeat|NBPF
63	IPR049147|IPR008814|IPR025799|IPR000684|IPR050998|IPR026737|IPR026058|IPR024162	IPR000684|IPR049147|IPR026737|IPR050998|IPR025799|IPR008814|IPR008853|IPR026058	IPR000684|IPR049147|IPR026737|IPR050998|IPR025799|IPR008814|IPR000354|IPR009443	IPR000684|IPR000354|IPR048452|IPR009443|IPR026737|IPR050998|IPR049147|IPR055306	FAM186A, PQQAQ repeat|Dolichyl-diphosphooligosaccharide--protein glycosyltransferase subunit Swp1|Protein arginine N-methyltransferase|RNA polymerase II, heptapeptide repeat, eukaryotic|Forkhead box protein P|Golgin subfamily A member 6-like|LIPIN family|Adaptor protein Cbl	RNA polymerase II, heptapeptide repeat, eukaryotic|FAM186A, PQQAQ repeat|Golgin subfamily A member 6-like|Forkhead box protein P|Protein arginine N-methyltransferase|Dolichyl-diphosphooligosaccharide--protein glycosyltransferase subunit Swp1|TMEM9/TMEM9B|LIPIN family	RNA polymerase II, heptapeptide repeat, eukaryotic|FAM186A, PQQAQ repeat|Golgin subfamily A member 6-like|Forkhead box protein P|Protein arginine N-methyltransferase|Dolichyl-diphosphooligosaccharide--protein glycosyltransferase subunit Swp1|Involucrin repeat|Nuclear pore complex interacting protein	RNA polymerase II, heptapeptide repeat, eukaryotic|Involucrin repeat|Mastermind-like protein 2, transcriptional activation domain|Nuclear pore complex interacting protein|Golgin subfamily A member 6-like|Forkhead box protein P|FAM186A, PQQAQ repeat|NBPF
64	IPR013126|-|IPR027065|IPR001312|IPR022684|IPR017998|IPR050304|IPR002423	IPR023334|-|IPR032922|IPR008379|IPR006917|IPR055374|IPR000949|IPR042415	IPR013126|-|IPR027065|IPR001697|IPR004000|IPR045052|IPR044304|IPR005654	IPR013126|-|IPR017073|IPR035269|IPR001837|IPR051425|IPR004152|IPR056156	Heat shock protein 70 family|-|Lon protease|Hexokinase|Peptidase C2, calpain family|Chaperone tailless complex polypeptide 1 (TCP-1)|Microtubule-severing AAA ATPase|Chaperonin Cpn60/GroEL/TCP-1 family	REKLES domain|-|Protein SON|Band 4.1, C-terminal|SOUL heme-binding protein|Ribophorin II, third domain|ELM2 domain|Protein canopy homolog	Heat shock protein 70 family|-|Lon protease|Pyruvate kinase|Actin family|Copine|Iron-sulfur protein NUBPL-like|ATPase, AFG1-like	Heat shock protein 70 family|-|Hepatocyte growth factor-regulated tyrosine kinase substrate/VPS27|26S Proteasome non-ATPase regulatory subunit 9|Adenylate cyclase-associated CAP|Formin Homology|GAT domain|IF140, C-terminal TPR domain
65	IPR039028|IPR050603|IPR026791|IPR037608|IPR033162|IPR047016|IPR050865|-	IPR000225|-|IPR002048|IPR000426|IPR037626|IPR011598|IPR007886|IPR012510	IPR048452|IPR000354|IPR009443|IPR000684|IPR026086|IPR049367|IPR048893|-	IPR000354|IPR000684|IPR048452|IPR009443|IPR049367|IPR050606|IPR007672|-	PDK/BCKDK protein kinase|MYST family histone acetyltransferases|Dedicator of cytokinesis|Stromal interaction molecule|Tubulin-folding cofactor D|Regulator of G protein signaling 6/7/9/11|BEACH Domain-Containing|-	Armadillo|-|EF-hand domain|Proteasome alpha-subunit, N-terminal domain|Nucleoporin Nup37|Myc-type, basic helix-loop-helix (bHLH) domain|Alanine dehydrogenase/pyridine nucleotide transhydrogenase, N-terminal|Actin-binding, Xin repeat	Mastermind-like protein 2, transcriptional activation domain|Involucrin repeat|Nuclear pore complex interacting protein|RNA polymerase II, heptapeptide repeat, eukaryotic|Proline-rich protein|Testis-expressed protein 13C/D, MVPLGDSxSHS repeat|Nuclear pore complex-interacting protein B13-like, MII repeat|-	Involucrin repeat|RNA polymerase II, heptapeptide repeat, eukaryotic|Mastermind-like protein 2, transcriptional activation domain|Nuclear pore complex interacting protein|Testis-expressed protein 13C/D, MVPLGDSxSHS repeat|Calponin-like|Selenoprotein P, C-terminal|-
66	IPR049147|IPR000684|IPR025799|IPR026737|IPR050998|IPR008814|IPR026058|IPR008853	IPR000684|IPR049147|IPR026737|IPR050998|IPR025799|IPR008814|IPR008853|IPR026058	IPR048452|IPR000354|IPR009443|IPR000684|IPR026086|IPR049367|IPR048893|-	IPR000354|IPR000684|IPR048452|IPR009443|IPR049367|IPR050606|IPR007672|-	FAM186A, PQQAQ repeat|RNA polymerase II, heptapeptide repeat, eukaryotic|Protein arginine N-methyltransferase|Golgin subfamily A member 6-like|Forkhead box protein P|Dolichyl-diphosphooligosaccharide--protein glycosyltransferase subunit Swp1|LIPIN family|TMEM9/TMEM9B	RNA polymerase II, heptapeptide repeat, eukaryotic|FAM186A, PQQAQ repeat|Golgin subfamily A member 6-like|Forkhead box protein P|Protein arginine N-methyltransferase|Dolichyl-diphosphooligosaccharide--protein glycosyltransferase subunit Swp1|TMEM9/TMEM9B|LIPIN family	Mastermind-like protein 2, transcriptional activation domain|Involucrin repeat|Nuclear pore complex interacting protein|RNA polymerase II, heptapeptide repeat, eukaryotic|Proline-rich protein|Testis-expressed protein 13C/D, MVPLGDSxSHS repeat|Nuclear pore complex-interacting protein B13-like, MII repeat|-	Involucrin repeat|RNA polymerase II, heptapeptide repeat, eukaryotic|Mastermind-like protein 2, transcriptional activation domain|Nuclear pore complex interacting protein|Testis-expressed protein 13C/D, MVPLGDSxSHS repeat|Calponin-like|Selenoprotein P, C-terminal|-
67	IPR049147|IPR000684|IPR025799|IPR026737|IPR050998|IPR008814|IPR026058|IPR008853	IPR000684|IPR049147|IPR026737|IPR050998|IPR025799|IPR008814|IPR008853|IPR000354	IPR048452|IPR000354|IPR009443|IPR000684|IPR026086|IPR049367|IPR048893|-	IPR000354|IPR000684|IPR048452|IPR009443|IPR049367|IPR050606|IPR007672|-	FAM186A, PQQAQ repeat|RNA polymerase II, heptapeptide repeat, eukaryotic|Protein arginine N-methyltransferase|Golgin subfamily A member 6-like|Forkhead box protein P|Dolichyl-diphosphooligosaccharide--protein glycosyltransferase subunit Swp1|LIPIN family|TMEM9/TMEM9B	RNA polymerase II, heptapeptide repeat, eukaryotic|FAM186A, PQQAQ repeat|Golgin subfamily A member 6-like|Forkhead box protein P|Protein arginine N-methyltransferase|Dolichyl-diphosphooligosaccharide--protein glycosyltransferase subunit Swp1|TMEM9/TMEM9B|Involucrin repeat	Mastermind-like protein 2, transcriptional activation domain|Involucrin repeat|Nuclear pore complex interacting protein|RNA polymerase II, heptapeptide repeat, eukaryotic|Proline-rich protein|Testis-expressed protein 13C/D, MVPLGDSxSHS repeat|Nuclear pore complex-interacting protein B13-like, MII repeat|-	Involucrin repeat|RNA polymerase II, heptapeptide repeat, eukaryotic|Mastermind-like protein 2, transcriptional activation domain|Nuclear pore complex interacting protein|Testis-expressed protein 13C/D, MVPLGDSxSHS repeat|Calponin-like|Selenoprotein P, C-terminal|-
68	IPR049147|IPR000684|IPR025799|IPR026737|IPR050998|IPR008814|IPR026058|IPR008853	IPR000684|IPR049147|IPR026737|IPR050998|IPR025799|IPR008814|IPR008853|IPR000354	IPR048452|IPR000354|IPR009443|IPR000684|IPR026086|IPR049367|IPR048893|-	IPR000354|IPR000684|IPR048452|IPR009443|IPR049367|IPR050606|IPR007672|-	FAM186A, PQQAQ repeat|RNA polymerase II, heptapeptide repeat, eukaryotic|Protein arginine N-methyltransferase|Golgin subfamily A member 6-like|Forkhead box protein P|Dolichyl-diphosphooligosaccharide--protein glycosyltransferase subunit Swp1|LIPIN family|TMEM9/TMEM9B	RNA polymerase II, heptapeptide repeat, eukaryotic|FAM186A, PQQAQ repeat|Golgin subfamily A member 6-like|Forkhead box protein P|Protein arginine N-methyltransferase|Dolichyl-diphosphooligosaccharide--protein glycosyltransferase subunit Swp1|TMEM9/TMEM9B|Involucrin repeat	Mastermind-like protein 2, transcriptional activation domain|Involucrin repeat|Nuclear pore complex interacting protein|RNA polymerase II, heptapeptide repeat, eukaryotic|Proline-rich protein|Testis-expressed protein 13C/D, MVPLGDSxSHS repeat|Nuclear pore complex-interacting protein B13-like, MII repeat|-	Involucrin repeat|RNA polymerase II, heptapeptide repeat, eukaryotic|Mastermind-like protein 2, transcriptional activation domain|Nuclear pore complex interacting protein|Testis-expressed protein 13C/D, MVPLGDSxSHS repeat|Calponin-like|Selenoprotein P, C-terminal|-
69	IPR026736|IPR025704|IPR045189|IPR045495|IPR050865|IPR039164|IPR051851|IPR039867	IPR040099|IPR051436|IPR056803|-|IPR044611|IPR045189|IPR028426|IPR045842	IPR048452|IPR000354|IPR009443|IPR000684|IPR026086|IPR049367|IPR048893|-	IPR000354|IPR000684|IPR048452|IPR009443|IPR049367|IPR050606|IPR007672|-	Protein virilizer|E3 ubiquitin ligase UBR4, C-terminal|E3 ubiquitin ligase UBR4-like|PI4-kinase, N-terminal|BEACH Domain-Containing|E3 ubiquitin-protein ligase UBR1-like|EFR3 Homologs|Protein furry/Tao3/Mor2	Zinc finger ZZ-type and EF-hand domain-containing protein 1|Autophagy-related EPG5|Serine/threonine-protein kinase ATR-like, N-HEAT region|-|Ubiquitin-protein ligase E3A/B/C-like|E3 ubiquitin ligase UBR4-like|Huntingtin family|Protein furry, C-terminal	Mastermind-like protein 2, transcriptional activation domain|Involucrin repeat|Nuclear pore complex interacting protein|RNA polymerase II, heptapeptide repeat, eukaryotic|Proline-rich protein|Testis-expressed protein 13C/D, MVPLGDSxSHS repeat|Nuclear pore complex-interacting protein B13-like, MII repeat|-	Involucrin repeat|RNA polymerase II, heptapeptide repeat, eukaryotic|Mastermind-like protein 2, transcriptional activation domain|Nuclear pore complex interacting protein|Testis-expressed protein 13C/D, MVPLGDSxSHS repeat|Calponin-like|Selenoprotein P, C-terminal|-
70	IPR026736|IPR025704|IPR045189|IPR045495|IPR050865|IPR039164|IPR051851|IPR039867	IPR040099|IPR051436|IPR056803|IPR044611|IPR028426|-|IPR045842|IPR045189	IPR048452|IPR000354|IPR009443|IPR000684|IPR026086|IPR049367|IPR048893|-	IPR000354|IPR000684|IPR048452|IPR009443|IPR049367|IPR050606|IPR007672|-	Protein virilizer|E3 ubiquitin ligase UBR4, C-terminal|E3 ubiquitin ligase UBR4-like|PI4-kinase, N-terminal|BEACH Domain-Containing|E3 ubiquitin-protein ligase UBR1-like|EFR3 Homologs|Protein furry/Tao3/Mor2	Zinc finger ZZ-type and EF-hand domain-containing protein 1|Autophagy-related EPG5|Serine/threonine-protein kinase ATR-like, N-HEAT region|Ubiquitin-protein ligase E3A/B/C-like|Huntingtin family|-|Protein furry, C-terminal|E3 ubiquitin ligase UBR4-like	Mastermind-like protein 2, transcriptional activation domain|Involucrin repeat|Nuclear pore complex interacting protein|RNA polymerase II, heptapeptide repeat, eukaryotic|Proline-rich protein|Testis-expressed protein 13C/D, MVPLGDSxSHS repeat|Nuclear pore complex-interacting protein B13-like, MII repeat|-	Involucrin repeat|RNA polymerase II, heptapeptide repeat, eukaryotic|Mastermind-like protein 2, transcriptional activation domain|Nuclear pore complex interacting protein|Testis-expressed protein 13C/D, MVPLGDSxSHS repeat|Calponin-like|Selenoprotein P, C-terminal|-
71	IPR025704|IPR045189|IPR050865|IPR026736|IPR045495|IPR039164|IPR051851|IPR050517	IPR056803|IPR051436|IPR045842|IPR018619|IPR040099|IPR045841|IPR024855|IPR008677	IPR048452|IPR000354|IPR009443|IPR000684|IPR026086|IPR049367|IPR048893|-	IPR000354|IPR000684|IPR048452|IPR009443|IPR049367|IPR050606|IPR007672|-	E3 ubiquitin ligase UBR4, C-terminal|E3 ubiquitin ligase UBR4-like|BEACH Domain-Containing|Protein virilizer|PI4-kinase, N-terminal|E3 ubiquitin-protein ligase UBR1-like|EFR3 Homologs|DNA Damage Response and Repair Kinase	Serine/threonine-protein kinase ATR-like, N-HEAT region|Autophagy-related EPG5|Protein furry, C-terminal|Hyccin|Zinc finger ZZ-type and EF-hand domain-containing protein 1|E3 ubiquitin-protein ligase UBR4, N-terminal|UNC79|MRVI1	Mastermind-like protein 2, transcriptional activation domain|Involucrin repeat|Nuclear pore complex interacting protein|RNA polymerase II, heptapeptide repeat, eukaryotic|Proline-rich protein|Testis-expressed protein 13C/D, MVPLGDSxSHS repeat|Nuclear pore complex-interacting protein B13-like, MII repeat|-	Involucrin repeat|RNA polymerase II, heptapeptide repeat, eukaryotic|Mastermind-like protein 2, transcriptional activation domain|Nuclear pore complex interacting protein|Testis-expressed protein 13C/D, MVPLGDSxSHS repeat|Calponin-like|Selenoprotein P, C-terminal|-
72	IPR050494|-|IPR033489|IPR052793|IPR051738|IPR052225|IPR045168|IPR052790	IPR050839|IPR008937|IPR052452|-|IPR051180|IPR045162|IPR050494|IPR051978	IPR048452|IPR000354|IPR009443|IPR000684|IPR026086|IPR049367|IPR048893|-	IPR000354|IPR000684|IPR048452|IPR009443|IPR049367|IPR050606|IPR007672|-	Serine/threonine and dual-specificity kinase|-|E3 ubiquitin-protein ligase RBBP6 family|Exon junction complex-associated protein|Scaffold Attachment Factor and Modulators|Serine/arginine repetitive matrix|YTH domain containing protein|YEATS domain-containing	Rho-associated Serine/Threonine Kinase|Ras-like guanine nucleotide exchange factor|Ankyrin repeat and MYND domain-containing protein 2|-|Inhibitor of nuclear factor kappa-B kinase|Serine/threonine-protein kinase Vps15-like|Serine/threonine and dual-specificity kinase|Rho GTPase-activating domain-containing protein	Mastermind-like protein 2, transcriptional activation domain|Involucrin repeat|Nuclear pore complex interacting protein|RNA polymerase II, heptapeptide repeat, eukaryotic|Proline-rich protein|Testis-expressed protein 13C/D, MVPLGDSxSHS repeat|Nuclear pore complex-interacting protein B13-like, MII repeat|-	Involucrin repeat|RNA polymerase II, heptapeptide repeat, eukaryotic|Mastermind-like protein 2, transcriptional activation domain|Nuclear pore complex interacting protein|Testis-expressed protein 13C/D, MVPLGDSxSHS repeat|Calponin-like|Selenoprotein P, C-terminal|-
73	IPR001346|-|IPR006623|IPR006614|IPR012510|IPR002154|IPR012604|IPR007720	IPR052068|IPR032226|IPR019486|IPR051833|IPR045117|IPR018862|IPR046369|IPR017426	IPR024811|IPR007759|IPR048589|IPR001005|IPR040793|IPR005818|IPR021922|-	IPR024811|-|IPR039779|IPR047144|IPR031442|IPR040175|IPR051565|IPR042839	Interferon regulatory factor, DNA-binding domain|-|Testicular haploid expressed repeat|Peroxin/Ferlin domain|Actin-binding, Xin repeat|Neuregulin, C-terminal|RBM1CTR|Phosphatidylinositol N-acetylglucosaminyltransferase subunit Q/GPI1	GW182 domain-containing protein|TNRC6, PABC binding domain|Argonaute hook domain|Transcription-coupled DNA damage response regulator-like|Ataxin2-like|Eukaryotic translation initiation factor 4E binding protein|Mastermind-like 1-3|Nuclear receptor coactivator	Polycomb protein ASX/ASX-like|ASXL, HARE-HTH domain|SAM domain-containing protein 1-like, WH domain|SANT/Myb domain|CDH1/2, SANT-Helical linker 1|Linker histone H1/H5, domain H15|Par3/HAL, N-terminal|-	Polycomb protein ASX/ASX-like|-|RFX-like DNA-binding protein|BCL-6 corepressor-like|Protein NPAT, C-terminal domain|Methylcytosine dioxygenase TET1/2/3|Sal C2H2-type zinc-finger|Forkhead box protein M1
