gene1	gene2	chromosome1	chromosome2	breakpoint1	breakpoint2	fusion_strand1	fusion_strand2	gene_strand1	gene_strand2	type	site1	site2	transcript_id1	transcript_id2	reading_frame	id	protein_id	protein_id_right	retained_peptide1	lost_peptide1	retained_peptide2	lost_peptide2	retained_domains1	lost_domains1	retained_domains2	lost_domains2	retained_domain_names1	lost_domain_names1	retained_domain_names2	lost_domain_names2	same_gene_fusion	same_gene_fusion_lost_dom	wrong_tr_dir_5p	wrong_tr_dir_3p	out_of_frame	lost_kinases_key_doms1	lost_kinases_key_doms2	lost_ts_key_doms1	lost_ts_key_doms2	lost_cancer_key_doms1	lost_cancer_key_doms2	lost_actionable_key_doms1	lost_actionable_key_doms2	lost_druggable_key_doms1	lost_druggable_key_doms2	truncated_5p	truncated_3p	promoter_hijacking_500	promoter_hijacking_1000	retained_5P_UTR1	retained_3P_UTR1	retained_5P_UTR2	retained_3P_UTR2	read_through	gene_id1	gene_id2	mane1	mane_tss1	mane2	mane_tss2	frame1	coding_bp1	frame2	coding_bp2	in_frame	out_of_frame_pair	out_of_frame1	out_of_frame2
TMPRSS2	ERG	21	21	41508081	38584945	-	-	-	-	deletion	5'UTR/splice-site	5'UTR/splice-site	ENST00000332149	ENST00000442448	.	1	ENSP00000330330	ENSP00000394694	.	.	.	.	IPR049147|IPR000684|IPR025799|IPR026737|IPR050998|IPR008814|IPR026058|IPR008853	IPR049147|IPR000684|IPR026737|IPR050998|IPR025799|IPR008814|IPR026058|IPR008853	IPR000684|IPR026737|IPR050998|IPR000354|IPR049147|IPR009443|IPR048452|IPR025799	IPR049147|IPR000684|IPR025799|IPR026737|IPR050998|IPR008814|IPR026058|IPR008853	FAM186A, PQQAQ repeat|RNA polymerase II, heptapeptide repeat, eukaryotic|Protein arginine N-methyltransferase|Golgin subfamily A member 6-like|Forkhead box protein P|Dolichyl-diphosphooligosaccharide--protein glycosyltransferase subunit Swp1|LIPIN family|TMEM9/TMEM9B	FAM186A, PQQAQ repeat|RNA polymerase II, heptapeptide repeat, eukaryotic|Golgin subfamily A member 6-like|Forkhead box protein P|Protein arginine N-methyltransferase|Dolichyl-diphosphooligosaccharide--protein glycosyltransferase subunit Swp1|LIPIN family|TMEM9/TMEM9B	RNA polymerase II, heptapeptide repeat, eukaryotic|Golgin subfamily A member 6-like|Forkhead box protein P|Involucrin repeat|FAM186A, PQQAQ repeat|Nuclear pore complex interacting protein|Mastermind-like protein 2, transcriptional activation domain|Protein arginine N-methyltransferase	FAM186A, PQQAQ repeat|RNA polymerase II, heptapeptide repeat, eukaryotic|Protein arginine N-methyltransferase|Golgin subfamily A member 6-like|Forkhead box protein P|Dolichyl-diphosphooligosaccharide--protein glycosyltransferase subunit Swp1|LIPIN family|TMEM9/TMEM9B	0	0	0	0	0	0	0	0	0	0	0	0	0	0	0	1	1	0	0	0	0	0	0	0	ENSG00000184012	ENSG00000157554	ENST00000332149	41508158				false		false	false	false	2	2
TMPRSS2	ERG	21	21	41511863	38584945	-	-	-	-	deletion	CDS/splice-site	5'UTR/splice-site	ENST00000679263	ENST00000442448	out-of-frame	2	ENSP00000504602	ENSP00000394694	MPLNQKAKRELCIGWGDPSGLPRRSYRLLLLHQEG	HIEHSRYLSLLDAVDNSKMALNSGSPPAIGPYYENHGYQPENPYPAQPTVVPTVYEVHPAQYYPSPVPQYAPRVLTQASNPVVCTQPKSPSGTVCTSKTKKALCITLTLGTFLVGAALAAGLLWKFMGSKCSNSGIECDSSGTCINPSNWCDGVSHCPGGEDENRCVRLYGPNFILQVYSSQRKSWHPVCQDDWNENYGRAACRDMGYKNNFYSSQGIVDDSGSTSFMKLNTSAGNVDIYKKLYHSDACSSKAVVSLRCIACGVNLNSSRQSRIVGGESALPGAWPWQVSLHVQNVHVCGGSIITPEWIVTAAHCVEKPLNNPWHWTAFAGILRQSFMFYGAGYQVEKVISHPNYDSKTKNNDIALMKLQKPLTFNDLVKPVCLPNPGMMLQPEQLCWISGWGATEEKGKTSEVLNAAKVLLIETQRCNSRYVYDNLITPAMICAGFLQGNVDSCQGDSGGPLVTSKNNIWWLIGDTSWGSGCAKAYRPGVYGNVMVFTDWIYRQMRADG	.	.	IPR004908|IPR000225|IPR005148|IPR050615|-|IPR007203|IPR025307|IPR014836	-|IPR051659|IPR050127|IPR050442|IPR001254|IPR050912|IPR051622|IPR050310	IPR000684|IPR026737|IPR050998|IPR000354|IPR049147|IPR009443|IPR048452|IPR025799	IPR049147|IPR000684|IPR025799|IPR026737|IPR050998|IPR008814|IPR026058|IPR008853	ATPase, V1 complex, subunit H|Armadillo|Arginyl tRNA synthetase N-terminal domain|ATP-dependent DNA Helicase|-|ORMDL family|FIIND domain|Integrin beta subunit, cytoplasmic domain	-|Serine Protease S1 Domain-Containing Protein|Serine Proteases (Peptidase S1 Family)|Peptidase S1 family, coagulation factors|Serine proteases, trypsin domain|Lysyl oxidase-like protein|Receptor-type Tyrosine-protein Phosphatases|VPS10-related sortilin family receptors	RNA polymerase II, heptapeptide repeat, eukaryotic|Golgin subfamily A member 6-like|Forkhead box protein P|Involucrin repeat|FAM186A, PQQAQ repeat|Nuclear pore complex interacting protein|Mastermind-like protein 2, transcriptional activation domain|Protein arginine N-methyltransferase	FAM186A, PQQAQ repeat|RNA polymerase II, heptapeptide repeat, eukaryotic|Protein arginine N-methyltransferase|Golgin subfamily A member 6-like|Forkhead box protein P|Dolichyl-diphosphooligosaccharide--protein glycosyltransferase subunit Swp1|LIPIN family|TMEM9/TMEM9B	0	0	0	0	0	0	0	0	0	0	0	0	0	0	0	1	1	0	0	0	0	0	0	0	ENSG00000184012	ENSG00000157554					0	true		false	false	false	2	2
TMPRSS2	ERG	21	21	41507950	38584945	-	-	-	-	deletion	CDS/splice-site	5'UTR/splice-site	ENST00000678348	ENST00000485493	.	3	ENSP00000503556		.	.	.	.	IPR049147|IPR000684|IPR025799|IPR026737|IPR050998|IPR008814|IPR026058|IPR008853	IPR049147|IPR000684|IPR026737|IPR050998|IPR025799|IPR008814|IPR026058|IPR008853	IPR000684|IPR026737|IPR050998|IPR000354|IPR049147|IPR009443|IPR048452|IPR025799	IPR049147|IPR000684|IPR025799|IPR026737|IPR050998|IPR008814|IPR026058|IPR008853	FAM186A, PQQAQ repeat|RNA polymerase II, heptapeptide repeat, eukaryotic|Protein arginine N-methyltransferase|Golgin subfamily A member 6-like|Forkhead box protein P|Dolichyl-diphosphooligosaccharide--protein glycosyltransferase subunit Swp1|LIPIN family|TMEM9/TMEM9B	FAM186A, PQQAQ repeat|RNA polymerase II, heptapeptide repeat, eukaryotic|Golgin subfamily A member 6-like|Forkhead box protein P|Protein arginine N-methyltransferase|Dolichyl-diphosphooligosaccharide--protein glycosyltransferase subunit Swp1|LIPIN family|TMEM9/TMEM9B	RNA polymerase II, heptapeptide repeat, eukaryotic|Golgin subfamily A member 6-like|Forkhead box protein P|Involucrin repeat|FAM186A, PQQAQ repeat|Nuclear pore complex interacting protein|Mastermind-like protein 2, transcriptional activation domain|Protein arginine N-methyltransferase	FAM186A, PQQAQ repeat|RNA polymerase II, heptapeptide repeat, eukaryotic|Protein arginine N-methyltransferase|Golgin subfamily A member 6-like|Forkhead box protein P|Dolichyl-diphosphooligosaccharide--protein glycosyltransferase subunit Swp1|LIPIN family|TMEM9/TMEM9B	0	0	0	0	0	0	0	0	0	0	0	0	0	0	0	1	0	0	0	0	0	0	0	0	ENSG00000184012	ENSG00000157554						false		false	false	false	2	2
ZFP91	AL162596.1	11	1	58584884	152860677	+	+	+	+	translocation	CDS/splice-site	5'UTR/splice-site	ENST00000316059	ENST00000650277	out-of-frame	4	ENSP00000339030	ENSP00000497579	MPGETEEPRPPEQQDQEGGEAAKAAPEEPQQRPPEAVAAAPAGTTSSRVLRGGRDRGRAAAAAAAAAVSRRRKAEYPRRRRSSPSARPPDVPGQQPQAAKSPSPVQGKKSPRLLCIEKVTTDKD	PKEEKEEEDDSALPQEVSIAASRPSRGWRSSRTSVSRHRDTENTRSSRSKTGSLQLICKSEPNTDQLDYDVGEEHQSPGGISSEEEEEEEEEMLISEEEIPFKDDPRDETYKPHLERETPKPRRKSGKVKEEKEKKEIKVEVEVEVKEEENEIREDEEPPRKRGRRRKDDKSPRLPKRRKKPPIQYVRCEMEGCGTVLAHPRYLQHHIKYQHLLKKKYVCPHPSCGRLFRLQKQLLRHAKHHTDQRDYICEYCARAFKSSHNLAVHRMIHTGEKPLQCEICGFTCRQKASLNWHMKKHDADSFYQFSCNICGKKFEKKDSVVAHKAKSHPEVLIAEALAANAGALITSTDILGTNPESLTQPSDGQGLPLLPEPLGNSTSGECLLLEAEGMSKSYCSGTERVSLMADGKIFVGSGSSGGTEGLVMNSDILGATTEVLIEDSDSAGP	.	.	-|IPR026117|IPR031535|IPR039159|IPR050540|IPR021072|IPR040247|IPR006804	IPR051061|IPR051580|-|IPR051968|IPR050457|IPR026811|IPR045109|IPR050690	IPR000684|IPR026737|IPR050998|IPR000354|IPR049147|IPR009443|IPR048452|IPR025799	IPR049147|IPR000684|IPR025799|IPR026737|IPR050998|IPR008814|IPR026058|IPR008853	-|Prostate apoptosis response 4|Proline-rich protein 22|SAYSvFN domain-containing protein 1|F-actin Monooxygenase Mical|Melanoma associated antigen, N-terminal|Protein of unknown function DUF5524|BCL7	Zinc finger transcriptional regulators|Zinc finger and chromatin remodeling-associated protein|-|Zinc finger homeobox transcription regulators|Zinc finger and BTB domain-containing|Cip1-interacting zinc finger protein|Lysine-specific demethylase LSDs-like|JHDM1 Histone Demethylase	RNA polymerase II, heptapeptide repeat, eukaryotic|Golgin subfamily A member 6-like|Forkhead box protein P|Involucrin repeat|FAM186A, PQQAQ repeat|Nuclear pore complex interacting protein|Mastermind-like protein 2, transcriptional activation domain|Protein arginine N-methyltransferase	FAM186A, PQQAQ repeat|RNA polymerase II, heptapeptide repeat, eukaryotic|Protein arginine N-methyltransferase|Golgin subfamily A member 6-like|Forkhead box protein P|Dolichyl-diphosphooligosaccharide--protein glycosyltransferase subunit Swp1|LIPIN family|TMEM9/TMEM9B	0	0	0	0	0	0	0	0	0	0	0	0	0	0	0	1	1	0	0	0	0	0	0	0	ENSG00000186660	ENSG00000285946	ENST00000316059	58579063	ENST00000650277	152859996	0	true		false	false	false	2	2
ZFP91-CNTF	AL162596.1	11	1	58584884	152860677	+	+	+	+	translocation	CDS/splice-site	5'UTR/splice-site	ENST00000389919	ENST00000650277	out-of-frame	5	ENSP00000455911	ENSP00000497579	MPGETEEPRPPEQQDQEGGEAAKAAPEEPQQRPPEAVAAAPAGTTSSRVLRGGRDRGRAAAAAAAAAVSRRRKAEYPRRRRSSPSARPPDVPGQQPQAAKSPSPVQGKKSPRLLCIEKVTTDKD	PKEEKEEEDDSALPQEVSIAASRPSRGWRSSRTSVSRHRDTENTRSSRSKTGSLQLICKSEPNTDQLDYDVGEEHQSPGGISSEEEEEEEEEMLISEEEIPFKDDPRDETYKPHLERETPKPRRKSGKVKEEKEKKEIKVEVEVEVKEEENEIREDEEPPRKRGRRRKDDKSPRLPKRRKKPPIQYVRCEMEGCGTVLAHPRYLQHHIKYQHLLKKKYVCPHPSCGRLFRLQKQLLRHAKHHTDQRDYICEYCARAFKSSHNLAVHRMIHTGEKPLQCEICGFTCRQKASLNWHMKKHDADSFYQFSCNICGKKFEKKDSVVAHKAKSHPEVLIAEALAANAGALITSTDILGTNPESLTQPSDGQGLPLLPEPLGNSTSGECLLLEAEGMSKSYCSGTERSIHR	.	.	-|IPR026117|IPR031535|IPR039159|IPR050540|IPR021072|IPR040247|IPR006804	IPR051061|IPR051580|-|IPR039673|IPR040240|IPR008676|IPR050690|IPR033635	IPR000684|IPR026737|IPR050998|IPR000354|IPR049147|IPR009443|IPR048452|IPR025799	IPR049147|IPR000684|IPR025799|IPR026737|IPR050998|IPR008814|IPR026058|IPR008853	-|Prostate apoptosis response 4|Proline-rich protein 22|SAYSvFN domain-containing protein 1|F-actin Monooxygenase Mical|Melanoma associated antigen, N-terminal|Protein of unknown function DUF5524|BCL7	Zinc finger transcriptional regulators|Zinc finger and chromatin remodeling-associated protein|-|DNA-binding protein SATB1/SATB2|Transcription initiation factor TFIID subunit 1|MRG|JHDM1 Histone Demethylase|Ankyrin repeat and SAM domain-containing protein 1/Caskin	RNA polymerase II, heptapeptide repeat, eukaryotic|Golgin subfamily A member 6-like|Forkhead box protein P|Involucrin repeat|FAM186A, PQQAQ repeat|Nuclear pore complex interacting protein|Mastermind-like protein 2, transcriptional activation domain|Protein arginine N-methyltransferase	FAM186A, PQQAQ repeat|RNA polymerase II, heptapeptide repeat, eukaryotic|Protein arginine N-methyltransferase|Golgin subfamily A member 6-like|Forkhead box protein P|Dolichyl-diphosphooligosaccharide--protein glycosyltransferase subunit Swp1|LIPIN family|TMEM9/TMEM9B	0	0	0	0	0	0	0	0	0	0	0	0	0	0	0	1	1	0	0	0	0	0	0	0	ENSG00000255073	ENSG00000285946			ENST00000650277	152859996	0	true		false	false	false	2	2
PTEN	PACS1	10	11	87894109	66193486	+	+	+	+	translocation	CDS/splice-site	CDS/splice-site	ENST00000371953	ENST00000320580	in-frame	6	ENSP00000361021	ENSP00000316454	MTAIIKEIVSRNKRRYQEDGFDLDLTYIYPNIIAMGFPAERLEGVYRNNIDDVVR	FLDSKHKNHYKIYNLCAERHYDTAKFNCRVAQYPFEDHNPPQLELIKPFCEDLDQWLSEDDNHVAAIHCKAGKGRTGVMICAYLLHRGKFLKAQEALDFYGEVRTRDKKGVTIPSQRRYVYYYSYLLKNHLDYRPVALLFHKMMFETIPMFSGGTCNPQFVVCQLKVKIYSSNSGPTRREDKFMYFEFPQPLPVCGDIKVEFFHKQNKMLKKDKMFHFWVNTFFIPGPEETSEKVENGSLCDQEIDSICSIERADNDKEYLVLTLTKNDLDKANKDKANRYFSPNFKVKLYFTKTVEEPSNPEASSSTSVTPDVSDNEPDHYRYSDTTDSDPENEPFDEDQHTQITKV	MAERGGAGGGPGGAGGGSGQRGSGVAQSPQQPPPQQQQQQPPQQPTPPKLAQATSSSSSTSAAAASSSSSSTSTSMAVAVASGSAPPGGPGPGRTPAPVQMNLYATWEVDRSSSSCVPR	LFSLTLKKLVMLKEMDKDLNSVVIAVKLQGSKRILRSNEIVLPASGLVETELQLTFSLQYPHFLKRDANKLQIMLQRRKRYKNRTILGYKTLAVGLINMAEVMQHPNEGALVLGLHSNVKDVSVPVAEIKIYSLSSQPIDHEGIKSKLSDRSPDIDNYSEEEEESFSSEQEGSDDPLHGQDLFYEDEDLRKVKKTRRKLTSTSAITRQPNIKQKFVALLKRFKVSDEVGFGLEHVSREQIREVEEDLDELYDSLEMYNPSDSGPEMEETESILSTPKPKLKPFFEGMSQSSSQTEIGSLNSKGSLGKDTTSPMELAALEKIKSTWIKNQDDSLTETDTLEITDQDMFGDASTSLVVPEKVKTPMKSSKTDLQGSASPSKVEGVHTPRQKRSTPLKERQLSKPLSERTNSSDSERSPDLGHSTQIPRKVVYDQLNQILVSDAALPENVILVNTTDWQGQYVAELLQDQRKPVVCTCSTVEVQAVLSALLTRIQRYCNCNSSMPRPVKVAAVGGQSYLSSILRFFVKSLANKTSDWLGYMRFLIIPLGSHPVAKYLGSVDSKYSSSFLDSGWRDLFSRSEPPVSEQLDVAGRVMQYVNGAATTHQLPVAEAMLTCRHKFPDEDSYQKFIPFIGVVKVGLVEDSPSTAGDGDDSPVVSLTVPSTSPPSSSGLSRDATATPPSSPSMSSALAIVGSPNSPYGDVIGLQVDYWLGHPGERRREGDKRDASSKNTLKSVFRSVQVSRLPHSGEAQLSGTMAMTVVTKEKNKKVPTIFLSKKPREKEVDSKSQVIEGISRLICSAKQQQTMLRVSIDGVEWSDIKFFQLAAQWPTHVKHFPVGLFSGSKAT	IPR051437|IPR001909|IPR012981|IPR050169|IPR004887|IPR050734|IPR001672|IPR050615	IPR051281|IPR014020|IPR052266|IPR026791|IPR050851|IPR015925|IPR039360|IPR050927	-|IPR051583|IPR028457|IPR045147|IPR004579|IPR039041|IPR050998|IPR040168	IPR019381|IPR026791|IPR001666|IPR039687|IPR040167|IPR045322|IPR045153|IPR039034	Tubulin tyrosine ligase-like monoglycylase|Krueppel-associated box|PIH1, N-terminal|Krueppel C2H2-type zinc-finger|Glutathione synthase, substrate-binding domain|PIH1 family, Kintoun subfamily|Phosphoglucose isomerase (PGI)|ATP-dependent DNA Helicase	Dual-specificity lipid and protein phosphatase|Tensin phosphatase, C2 domain|Mitochondrial Rho GTPase/EF-hand domain-containing protein|Dedicator of cytokinesis|mRNA Cap 2'-O-Ribose Methyltransferase|Ryanodine/Inositol 1,4,5-trisphosphate receptor|Ras GTPase-activating protein|Transient receptor potential cation channel M	-|Yes-associated protein 1|ABI family|AT-rich interactive domain-containing protein 3|ERCC1/RAD10/SWI10 family|Nav/unc-53 family|Forkhead box protein P|Not2/Not3/Not5	Phosphofurin acidic cluster sorting protein 1|Dedicator of cytokinesis|Phosphatidylinositol transfer protein|Nephrocystin-1|Transcription factor CP2-like|E3 ubiquitin-protein ligase HECTD1/TRIP12-like|Est1/Ebs1-like|Inositol 3,4-bisphosphate 4-phosphatase	0	0	0	0	0	0	0	0	0	0	0	0	0	0	0	1	1	0	0	0	0	0	0	0	ENSG00000171862	ENSG00000175115	ENST00000371953	87863625	ENST00000320580	66070272	1	true	2	true	false	true	1	1
PDRG1	RUNX1T1	20	8	31950312	92099639	-	+	-	-	translocation/5'-5'	CDS/splice-site	5'UTR	ENST00000202017	.	out-of-frame	7	ENSP00000202017		MLSPEAERVLRYLVEVEELAEEVLADKRQIVDLDTKRNQNREGLRALQKDLSLSE	DVMVCFGNMFIKMPHPETKEMIEKDQDHLDKEIEKLRKQLKVKVNRLFEAQGKPELKGFNLNPLNQDELKALKVILKG	.	.	IPR008591|IPR039551|IPR000308|IPR000375|IPR040024|IPR003103|IPR023410|IPR041294	IPR039495|IPR000949|IPR026791|IPR050928|IPR024610|IPR001837|-|IPR055285	IPR000684|IPR026737|IPR050998|IPR000354|IPR049147|IPR009443|IPR048452|IPR025799	IPR049147|IPR000684|IPR025799|IPR026737|IPR050998|IPR008814|IPR026058|IPR008853	GINS complex subunit Sld5|Choline/carnitine acyltransferase domain|14-3-3 protein|Dynamin stalk domain|Protein phosphatase 1 regulatory subunit 21|BAG domain|14-3-3 domain|Ankyrin ubiquitin-binding domain	TATA box-binding protein-associated factor RNA polymerase I subunit A|ELM2 domain|Dedicator of cytokinesis|ATP-dependent Zinc Metalloprotease|Inhibitor of growth protein, N-terminal histone-binding|Adenylate cyclase-associated CAP|-|Ankyrin repeat domain-containing protein 13, C-terminal	RNA polymerase II, heptapeptide repeat, eukaryotic|Golgin subfamily A member 6-like|Forkhead box protein P|Involucrin repeat|FAM186A, PQQAQ repeat|Nuclear pore complex interacting protein|Mastermind-like protein 2, transcriptional activation domain|Protein arginine N-methyltransferase	FAM186A, PQQAQ repeat|RNA polymerase II, heptapeptide repeat, eukaryotic|Protein arginine N-methyltransferase|Golgin subfamily A member 6-like|Forkhead box protein P|Dolichyl-diphosphooligosaccharide--protein glycosyltransferase subunit Swp1|LIPIN family|TMEM9/TMEM9B	0	0	0	1	0	0	0	0	0	0	0	0	0	0	0	1	0	0	0	0	0	0	0	0	ENSG00000088356		ENST00000202017	31952046			0	true		false	false	false	2	2
PEMT	SLC35B1	17	17	17576920	49705896	-	-	-	-	duplication	CDS/splice-site	CDS/splice-site	ENST00000255389	ENST00000240333	in-frame	8	ENSP00000255389	ENSP00000240333	MKRSGNPGAEVTNSSVAGPDCCGGLGNIDFRQADFCVMTRLLGYVDPLDPSFVAAVITITFNPLYWNV	VARWEHKTRKLSRAFGSPYLACYSLSVTILLLNFLRSHCFTQAMLSQPRMESLDTPAAYSLGLALLGLGVVLVLSSFFALGFAGTFLGDYFGILKEARVTVFPFNILDNPMYWGSTANYLGWAIMHASPTGLLLTVLVALTYIVALLYEEPFTAEIYRQKASGSHKRS	MASSSSLVPDRLRLPLCFLGVFVCYFYYGILQEKITRGKYGEGAKQETFTFALTLVFIQCVINAVFAKILIQFFDTARVDRTRSWLYAACSISYLGAMVSSNSALQFVNYPTQV	LGKSCKPIPVMLLGVTLLKKKYPLAKYLCVLLIVAGVALFMYKPKKVVGIEEHTVGYGELLLLLSLTLDGLTGVSQDHMRAHYQTGSNHMMLNINLWSTLLLGMGILFTGELWEFLSFAERYPAIIYNILLFGLTSALGQSFIFMTVVYFGPLTCSIITTTRKFFTILASVILFANPISPMQWVGTVLVFLGLGLDAKFGKGAKKTSH	IPR014020|IPR035078|IPR004043|IPR050837|IPR001132|IPR000040|IPR022675|IPR007066	IPR024960|IPR007245|IPR033315|IPR052203|IPR027521|IPR050774|-|IPR039862	IPR019412|IPR051316|IPR002553|IPR006214|IPR026555|IPR026170|IPR000225|IPR001279	IPR002490|IPR050606|IPR050304|-|IPR009445|IPR019412|IPR003593|IPR037608	Tensin phosphatase, C2 domain|Phosphoenolpyruvate carboxykinase, GTP-utilising, N-terminal|LCCL domain|Complex I 51 kDa subunit|SMAD domain, Dwarfin-type|Acute myeloid leukemia 1 protein (AML1)/Runt|Glucose-6-phosphate dehydrogenase, C-terminal|RNA polymerase Rpb1, domain 3	Phosphatidyl-N-methylethanolamine/Phosphatidylethanolamine N-methyltransferase|GPI transamidase component PIG-T|Fanconi-associated nuclease 1-like|GHMP Kinase-Related Enzymes|U6 snRNA phosphodiesterase 1|KCMF1 and Dystrophin|-|N-terminal EF-hand calcium binding protein 1/2/3	Inclusion body clearance protein Iml2/Tetratricopeptide repeat protein 39|Zinc-regulated GTPase metalloprotein activator|Clathrin/coatomer adaptor, adaptin-like, N-terminal|Bax inhibitor 1-related|KAT8 regulatory NSL complex subunit 3/Testis-expressed sequence 30 protein|N-lysine methyltransferase FAM173A/B|Armadillo|Metallo-beta-lactamase	V-type ATPase, V0 complex, 116kDa subunit family|Calponin-like|Microtubule-severing AAA ATPase|-|ER membrane protein complex subunit 4|Inclusion body clearance protein Iml2/Tetratricopeptide repeat protein 39|AAA+ ATPase domain|Stromal interaction molecule	0	0	0	0	0	0	0	0	0	0	0	0	0	0	0	1	1	0	0	0	0	0	0	0	ENSG00000133027	ENSG00000121073	ENST00000255389	17591708	ENST00000240333	49707964	2	true	0	true	false	true	1	1
PTDSS1	AC118650.1(287860),HSPA8P13(232337)	8	8	96306556	46316752	+	-	+	.	inversion	CDS/splice-site	intergenic	ENST00000517309	.	out-of-frame	9	ENSP00000430548		MASCVGSRTLSKDDVNYKMHFRMINEQQVEDITIDFFYRPHTITLLSFTIVSLMYFAFTRDDSVPEDNIWRGILSVIFFFLIISVLAFPNGPFTRPHPALWRMVFGLSVLYFLFLVFLLFLNFEQVKSLMYWLDPNLRYATREADVMEYAVNCHVITWERIISHFDIFAFGHFWGWAMKALLIRSYGLCWTISITWELTELFFMHLLPNFAECWWDQVILDILLCNGGGIWLGMVVCRFLEMRTYHWASFKDIHTTTGKIKRAVLQFTPASWTYVRWFDPKSSFQRVAGVYLFMIIWQLTELNTFFLKHIFVFQASHPLSWGRILFIGGITAPTVR	QYYAYLTDTQCKRVGTQCWVFGVIGFLEAIVCIKFGQDLFSKTQILYVVLWLLCVAFTTFLCLYGMIWYAEHYGHREKTYSECEDGTYSPEISWHHRKGTKGSEDSPPKHAGNNESHSSRRRNRHSKSKVTNGVGKK	.	.	IPR007311|IPR016720|IPR025958|IPR015925|-|IPR040176|IPR006769|IPR029370	IPR019395|IPR039662|IPR019130|IPR021861|IPR013874|IPR019176|-|IPR050854	IPR000684|IPR026737|IPR050998|IPR000354|IPR049147|IPR009443|IPR048452|IPR025799	IPR049147|IPR000684|IPR025799|IPR026737|IPR050998|IPR008814|IPR026058|IPR008853	ST7|Phosphatidate cytidylyltransferase, eukaryota|SID1 transmembrane family|Ryanodine/Inositol 1,4,5-trisphosphate receptor|-|RING finger protein RNF121/RNF175|Calcium uniporter protein, C-terminal|TMEM117 protein	Transmembrane protein 161A/B|Cohesin subunit Scc3/SA|Macoilin|THO complex, subunit THOC1|Cdc37, Hsp90 binding|Cytochrome B561-related|-|Lysosomal Cobalamin Transport Escort Protein LMBD1	RNA polymerase II, heptapeptide repeat, eukaryotic|Golgin subfamily A member 6-like|Forkhead box protein P|Involucrin repeat|FAM186A, PQQAQ repeat|Nuclear pore complex interacting protein|Mastermind-like protein 2, transcriptional activation domain|Protein arginine N-methyltransferase	FAM186A, PQQAQ repeat|RNA polymerase II, heptapeptide repeat, eukaryotic|Protein arginine N-methyltransferase|Golgin subfamily A member 6-like|Forkhead box protein P|Dolichyl-diphosphooligosaccharide--protein glycosyltransferase subunit Swp1|LIPIN family|TMEM9/TMEM9B	0	0	0	1	0	0	0	0	0	0	0	0	0	0	0	1	0	0	0	0	0	0	0	0	ENSG00000156471		ENST00000517309	96261902			1	true		false	false	false	2	2
PRPF4B	AL139095.4	6	6	4052873	7298585	+	+	+	+	deletion	CDS/splice-site	exon/splice-site	ENST00000480058	ENST00000379928	out-of-frame	10	ENSP00000433547		MAAAETQSLREQPEMEDANSEKSINEENGEVSEDQSQNKHSRHKKKKHKHRSKHKKHKHSSEEDKDKKHKHKHKHKKHKRKEIIDASDKEGMSPAKRTKLDDLALLEDLEKQRALIKAELDNELMEGKVQSGMGLILQGYESGSEEEGEIHEKARNGNRSSTRSSSTKGKLELVDNKITTKKRSKSRSKERTRHRSDKKKSKGGIEIVKEKTTRSKSKERKKSKSPSKRSKSQDQARKSKSPTLRRRSQEKIGKARSPTDDKVKIEDKSKSKDRKKSPIINESRSRDRGKKSRSPVDLRGKSKDRRSRSKERKSKRSETDKEKKPIKSPSKDASSGKENRSPSRRPGRSPKRRSLSPKPRDKSRRSRSPLLNDRRSKQSKSPSRTLSPGRRAKSRSLERKRREPERRRLSSPRTRPRDDILSRRERSKDASPINRWSPTRRRSRSPIRRRSRSPLRRSRSPRRRSRSPRRRDRGRRSRSRLRRRSRSRGGRRRRSRSKVKEDKFKGSLSEGMKVEQESSSDDNLEDFDVEEEDEEALIEQRRIQRQAIVQKYKYLAEDSNMSVPSEPSSPQSSTRTRSPSPDDILERVAADVKEYERENVDTFEASVKAKHNLMTVEQNNGSSQKKLLAPDMFTESDDMFAAYFDSARLRAAGIGKDFKENPNLRDNWTDAEGYYRVNIGEVLDKRYNVYGYTGQGVFSNVVRARDNARANQEVAVKIIRNNELMQKTGLKELEFLKKLNDADPDDKFHCLRLFRHFYHKQHLCLVFEPLSMNLREVLKKYGKDVGLHIKAVRSYSQQLFLALKLLKRCNILHADIKPDNIL	VNESKTILKLCDFGSASHVADNDITPYLVSRFYRAPEIIIGKSYDYGIDMWSVGCTLYELYTGKILFPGKTNNHMLKLAMDLKGKMPNKMIRKGVFKDQHFDQNLNFMYIEVDKVTEREKVTVMSTINPTKDLLADLIGCQRLPEDQRKKVHQLKDLLDQILMLDPAKRISINQALQHAFIQEKI	.	.	IPR050494|-|IPR033489|IPR052793|IPR051738|IPR052225|IPR045168|IPR052790	IPR050839|IPR052452|-|IPR038876|IPR008937|IPR047269|IPR051627|IPR051978	IPR000684|IPR026737|IPR050998|IPR000354|IPR049147|IPR009443|IPR048452|IPR025799	IPR049147|IPR000684|IPR025799|IPR026737|IPR050998|IPR008814|IPR026058|IPR008853	Serine/threonine and dual-specificity kinase|-|E3 ubiquitin-protein ligase RBBP6 family|Exon junction complex-associated protein|Scaffold Attachment Factor and Modulators|Serine/arginine repetitive matrix|YTH domain containing protein|YEATS domain-containing	Rho-associated Serine/Threonine Kinase|Ankyrin repeat and MYND domain-containing protein 2|-|Ecto-NOX disulfide-thiol exchanger|Ras-like guanine nucleotide exchange factor|Zinc finger MYND domain-containing protein 11|SLIT-ROBO Rho GTPase-activating|Rho GTPase-activating domain-containing protein	RNA polymerase II, heptapeptide repeat, eukaryotic|Golgin subfamily A member 6-like|Forkhead box protein P|Involucrin repeat|FAM186A, PQQAQ repeat|Nuclear pore complex interacting protein|Mastermind-like protein 2, transcriptional activation domain|Protein arginine N-methyltransferase	FAM186A, PQQAQ repeat|RNA polymerase II, heptapeptide repeat, eukaryotic|Protein arginine N-methyltransferase|Golgin subfamily A member 6-like|Forkhead box protein P|Dolichyl-diphosphooligosaccharide--protein glycosyltransferase subunit Swp1|LIPIN family|TMEM9/TMEM9B	0	0	0	0	0	0	0	0	0	0	0	0	0	0	0	1	0	0	0	0	0	0	0	0	ENSG00000112739	ENSG00000238221					2	true		false	false	false	2	2
TTLL9	AC068888.1	20	12	31943055	53053574	+	-	+	-	translocation	CDS/splice-site	exon/splice-site	ENST00000310998	ENST00000668380	.	11	ENSP00000308980		.	.	.	.	IPR049147|IPR000684|IPR025799|IPR026737|IPR050998|IPR008814|IPR026058|IPR008853	IPR049147|IPR000684|IPR026737|IPR050998|IPR025799|IPR008814|IPR026058|IPR008853	IPR000684|IPR026737|IPR050998|IPR000354|IPR049147|IPR009443|IPR048452|IPR025799	IPR049147|IPR000684|IPR025799|IPR026737|IPR050998|IPR008814|IPR026058|IPR008853	FAM186A, PQQAQ repeat|RNA polymerase II, heptapeptide repeat, eukaryotic|Protein arginine N-methyltransferase|Golgin subfamily A member 6-like|Forkhead box protein P|Dolichyl-diphosphooligosaccharide--protein glycosyltransferase subunit Swp1|LIPIN family|TMEM9/TMEM9B	FAM186A, PQQAQ repeat|RNA polymerase II, heptapeptide repeat, eukaryotic|Golgin subfamily A member 6-like|Forkhead box protein P|Protein arginine N-methyltransferase|Dolichyl-diphosphooligosaccharide--protein glycosyltransferase subunit Swp1|LIPIN family|TMEM9/TMEM9B	RNA polymerase II, heptapeptide repeat, eukaryotic|Golgin subfamily A member 6-like|Forkhead box protein P|Involucrin repeat|FAM186A, PQQAQ repeat|Nuclear pore complex interacting protein|Mastermind-like protein 2, transcriptional activation domain|Protein arginine N-methyltransferase	FAM186A, PQQAQ repeat|RNA polymerase II, heptapeptide repeat, eukaryotic|Protein arginine N-methyltransferase|Golgin subfamily A member 6-like|Forkhead box protein P|Dolichyl-diphosphooligosaccharide--protein glycosyltransferase subunit Swp1|LIPIN family|TMEM9/TMEM9B	0	0	0	0	0	0	0	0	0	0	0	0	0	0	0	1	0	0	0	0	0	0	0	0	ENSG00000131044	ENSG00000257337						false		false	false	false	2	2
PDRG1	ARF3	20	12	31950312	48952885	-	-	-	-	translocation	CDS/splice-site	intron	ENST00000202017	.	out-of-frame	12	ENSP00000202017		MLSPEAERVLRYLVEVEELAEEVLADKRQIVDLDTKRNQNREGLRALQKDLSLSE	DVMVCFGNMFIKMPHPETKEMIEKDQDHLDKEIEKLRKQLKVKVNRLFEAQGKPELKGFNLNPLNQDELKALKVILKG	.	.	IPR008591|IPR039551|IPR000308|IPR000375|IPR040024|IPR003103|IPR023410|IPR041294	IPR039495|IPR000949|IPR026791|IPR050928|IPR024610|IPR001837|-|IPR055285	IPR000684|IPR026737|IPR050998|IPR000354|IPR049147|IPR009443|IPR048452|IPR025799	IPR049147|IPR000684|IPR025799|IPR026737|IPR050998|IPR008814|IPR026058|IPR008853	GINS complex subunit Sld5|Choline/carnitine acyltransferase domain|14-3-3 protein|Dynamin stalk domain|Protein phosphatase 1 regulatory subunit 21|BAG domain|14-3-3 domain|Ankyrin ubiquitin-binding domain	TATA box-binding protein-associated factor RNA polymerase I subunit A|ELM2 domain|Dedicator of cytokinesis|ATP-dependent Zinc Metalloprotease|Inhibitor of growth protein, N-terminal histone-binding|Adenylate cyclase-associated CAP|-|Ankyrin repeat domain-containing protein 13, C-terminal	RNA polymerase II, heptapeptide repeat, eukaryotic|Golgin subfamily A member 6-like|Forkhead box protein P|Involucrin repeat|FAM186A, PQQAQ repeat|Nuclear pore complex interacting protein|Mastermind-like protein 2, transcriptional activation domain|Protein arginine N-methyltransferase	FAM186A, PQQAQ repeat|RNA polymerase II, heptapeptide repeat, eukaryotic|Protein arginine N-methyltransferase|Golgin subfamily A member 6-like|Forkhead box protein P|Dolichyl-diphosphooligosaccharide--protein glycosyltransferase subunit Swp1|LIPIN family|TMEM9/TMEM9B	0	0	0	0	0	0	0	0	0	0	0	0	0	0	0	1	0	0	0	0	0	0	0	0	ENSG00000088356		ENST00000202017	31952046			0	true		false	false	false	2	2
PDRG1	AC073610.2	20	12	31950312	48952885	-	-	-	-	translocation	CDS/splice-site	intron	ENST00000202017	.	out-of-frame	13	ENSP00000202017		MLSPEAERVLRYLVEVEELAEEVLADKRQIVDLDTKRNQNREGLRALQKDLSLSE	DVMVCFGNMFIKMPHPETKEMIEKDQDHLDKEIEKLRKQLKVKVNRLFEAQGKPELKGFNLNPLNQDELKALKVILKG	.	.	IPR008591|IPR039551|IPR000308|IPR000375|IPR040024|IPR003103|IPR023410|IPR041294	IPR039495|IPR000949|IPR026791|IPR050928|IPR024610|IPR001837|-|IPR055285	IPR000684|IPR026737|IPR050998|IPR000354|IPR049147|IPR009443|IPR048452|IPR025799	IPR049147|IPR000684|IPR025799|IPR026737|IPR050998|IPR008814|IPR026058|IPR008853	GINS complex subunit Sld5|Choline/carnitine acyltransferase domain|14-3-3 protein|Dynamin stalk domain|Protein phosphatase 1 regulatory subunit 21|BAG domain|14-3-3 domain|Ankyrin ubiquitin-binding domain	TATA box-binding protein-associated factor RNA polymerase I subunit A|ELM2 domain|Dedicator of cytokinesis|ATP-dependent Zinc Metalloprotease|Inhibitor of growth protein, N-terminal histone-binding|Adenylate cyclase-associated CAP|-|Ankyrin repeat domain-containing protein 13, C-terminal	RNA polymerase II, heptapeptide repeat, eukaryotic|Golgin subfamily A member 6-like|Forkhead box protein P|Involucrin repeat|FAM186A, PQQAQ repeat|Nuclear pore complex interacting protein|Mastermind-like protein 2, transcriptional activation domain|Protein arginine N-methyltransferase	FAM186A, PQQAQ repeat|RNA polymerase II, heptapeptide repeat, eukaryotic|Protein arginine N-methyltransferase|Golgin subfamily A member 6-like|Forkhead box protein P|Dolichyl-diphosphooligosaccharide--protein glycosyltransferase subunit Swp1|LIPIN family|TMEM9/TMEM9B	0	0	0	0	0	0	0	0	0	0	0	0	0	0	0	1	0	0	0	0	0	0	0	0	ENSG00000088356		ENST00000202017	31952046			0	true		false	false	false	2	2
TMEM52B	TTLL9	12	20	10190076	31937396	-	+	+	+	translocation/3'-3'	CDS	CDS/splice-site	.	ENST00000644596	.	14		ENSP00000495394	.	.	MSRPKNQNYKGHGLSKGKEREQRASIRFKTTLMNTLMDVLRHRPGWVEVKDEGEWDFYWCDVSWLRENFDHTYMDEHVRISHFRNHYELTRKNYMVKNLKRFRKQLEREAGKLEAAKCDFFPKTFEMPCEYHLFVEEFRKNPGITWIMKPVARSQGKGIFLFRRLKDIVDWRKDTRSSDDQKDDIPVENYVAQRYIENPYLIGGRKFDLRVYVLVMSYIPLRAWLYRDGFARFSNTRFTLNSIDDQYVHLTNVAVQKTSPDYHPKKGCKWTLQRFRQYLASKHGPEAVETLFRDIDNIFVKSLQSVQKVIISDKHCFELYGYDILIDQDLKP	WLLEVNASPSLTASSQEDYELKTCLLEDTLHVVDMEARSLRADSPCW	IPR049147|IPR000684|IPR025799|IPR026737|IPR050998|IPR008814|IPR026058|IPR008853	IPR049147|IPR000684|IPR026737|IPR050998|IPR025799|IPR008814|IPR026058|IPR008853	IPR004344|-|IPR051437|IPR001192|IPR037446|IPR022684|IPR001312|IPR046985	IPR015359|IPR019412|IPR005615|IPR002048|IPR039663|IPR002110|IPR054069|IPR004567	FAM186A, PQQAQ repeat|RNA polymerase II, heptapeptide repeat, eukaryotic|Protein arginine N-methyltransferase|Golgin subfamily A member 6-like|Forkhead box protein P|Dolichyl-diphosphooligosaccharide--protein glycosyltransferase subunit Swp1|LIPIN family|TMEM9/TMEM9B	FAM186A, PQQAQ repeat|RNA polymerase II, heptapeptide repeat, eukaryotic|Golgin subfamily A member 6-like|Forkhead box protein P|Protein arginine N-methyltransferase|Dolichyl-diphosphooligosaccharide--protein glycosyltransferase subunit Swp1|LIPIN family|TMEM9/TMEM9B	Tubulin-tyrosine ligase/Tubulin polyglutamylase|-|Tubulin tyrosine ligase-like monoglycylase|Phosphoinositide phospholipase C family|Histidine acid phosphatase, VIP1 family|Peptidase C2, calpain family|Hexokinase|Inositol 5-phosphatase	Phosphoinositide-specific phospholipase C, EF-hand-like domain|Inclusion body clearance protein Iml2/Tetratricopeptide repeat protein 39|Glutathione synthase|EF-hand domain|AIP/AIPL1/TTC9|Ankyrin repeat|Calpain-3/13-like, C-terminal EF-hand|Type II pantothenate kinase	0	0	1	0	0	0	0	0	0	0	0	0	0	0	0	0	1	0	0	0	0	0	0	0		ENSG00000131044						false	2	true	false	false	2	2
AC068888.1	DCHS2(29769),AC110753.1(1919)	12	4	53054321	154521568	-	+	-	.	translocation	exon/splice-site	intergenic	ENST00000662901	.	.	15			.	.	.	.	IPR049147|IPR000684|IPR025799|IPR026737|IPR050998|IPR008814|IPR026058|IPR008853	IPR049147|IPR000684|IPR026737|IPR050998|IPR025799|IPR008814|IPR026058|IPR008853	IPR000684|IPR026737|IPR050998|IPR000354|IPR049147|IPR009443|IPR048452|IPR025799	IPR049147|IPR000684|IPR025799|IPR026737|IPR050998|IPR008814|IPR026058|IPR008853	FAM186A, PQQAQ repeat|RNA polymerase II, heptapeptide repeat, eukaryotic|Protein arginine N-methyltransferase|Golgin subfamily A member 6-like|Forkhead box protein P|Dolichyl-diphosphooligosaccharide--protein glycosyltransferase subunit Swp1|LIPIN family|TMEM9/TMEM9B	FAM186A, PQQAQ repeat|RNA polymerase II, heptapeptide repeat, eukaryotic|Golgin subfamily A member 6-like|Forkhead box protein P|Protein arginine N-methyltransferase|Dolichyl-diphosphooligosaccharide--protein glycosyltransferase subunit Swp1|LIPIN family|TMEM9/TMEM9B	RNA polymerase II, heptapeptide repeat, eukaryotic|Golgin subfamily A member 6-like|Forkhead box protein P|Involucrin repeat|FAM186A, PQQAQ repeat|Nuclear pore complex interacting protein|Mastermind-like protein 2, transcriptional activation domain|Protein arginine N-methyltransferase	FAM186A, PQQAQ repeat|RNA polymerase II, heptapeptide repeat, eukaryotic|Protein arginine N-methyltransferase|Golgin subfamily A member 6-like|Forkhead box protein P|Dolichyl-diphosphooligosaccharide--protein glycosyltransferase subunit Swp1|LIPIN family|TMEM9/TMEM9B	0	0	0	1	0	0	0	0	0	0	0	0	0	0	0	0	0	0	0	0	0	0	0	0	ENSG00000257337							false		false	false	false	2	2
RNF165	AL139095.4	18	6	46366996	7296298	.	.	+	+	translocation	intron	intron	.	.	.	16			.	.	.	.	IPR049147|IPR000684|IPR025799|IPR026737|IPR050998|IPR008814|IPR026058|IPR008853	IPR049147|IPR000684|IPR026737|IPR050998|IPR025799|IPR008814|IPR026058|IPR008853	IPR000684|IPR026737|IPR050998|IPR000354|IPR049147|IPR009443|IPR048452|IPR025799	IPR049147|IPR000684|IPR025799|IPR026737|IPR050998|IPR008814|IPR026058|IPR008853	FAM186A, PQQAQ repeat|RNA polymerase II, heptapeptide repeat, eukaryotic|Protein arginine N-methyltransferase|Golgin subfamily A member 6-like|Forkhead box protein P|Dolichyl-diphosphooligosaccharide--protein glycosyltransferase subunit Swp1|LIPIN family|TMEM9/TMEM9B	FAM186A, PQQAQ repeat|RNA polymerase II, heptapeptide repeat, eukaryotic|Golgin subfamily A member 6-like|Forkhead box protein P|Protein arginine N-methyltransferase|Dolichyl-diphosphooligosaccharide--protein glycosyltransferase subunit Swp1|LIPIN family|TMEM9/TMEM9B	RNA polymerase II, heptapeptide repeat, eukaryotic|Golgin subfamily A member 6-like|Forkhead box protein P|Involucrin repeat|FAM186A, PQQAQ repeat|Nuclear pore complex interacting protein|Mastermind-like protein 2, transcriptional activation domain|Protein arginine N-methyltransferase	FAM186A, PQQAQ repeat|RNA polymerase II, heptapeptide repeat, eukaryotic|Protein arginine N-methyltransferase|Golgin subfamily A member 6-like|Forkhead box protein P|Dolichyl-diphosphooligosaccharide--protein glycosyltransferase subunit Swp1|LIPIN family|TMEM9/TMEM9B	0	0	2	2	0	0	0	0	0	0	0	0	0	0	0	0	0	0	0	0	0	0	0	0								false		false	false	false	2	2
RUNX1T1	ARF3	8	12	92095083	48948489	-	+	-	-	translocation/5'-5'	CDS	intron	ENST00000613886	.	.	17			.	.	.	.	IPR049147|IPR000684|IPR025799|IPR026737|IPR050998|IPR008814|IPR026058|IPR008853	IPR049147|IPR000684|IPR026737|IPR050998|IPR025799|IPR008814|IPR026058|IPR008853	IPR000684|IPR026737|IPR050998|IPR000354|IPR049147|IPR009443|IPR048452|IPR025799	IPR049147|IPR000684|IPR025799|IPR026737|IPR050998|IPR008814|IPR026058|IPR008853	FAM186A, PQQAQ repeat|RNA polymerase II, heptapeptide repeat, eukaryotic|Protein arginine N-methyltransferase|Golgin subfamily A member 6-like|Forkhead box protein P|Dolichyl-diphosphooligosaccharide--protein glycosyltransferase subunit Swp1|LIPIN family|TMEM9/TMEM9B	FAM186A, PQQAQ repeat|RNA polymerase II, heptapeptide repeat, eukaryotic|Golgin subfamily A member 6-like|Forkhead box protein P|Protein arginine N-methyltransferase|Dolichyl-diphosphooligosaccharide--protein glycosyltransferase subunit Swp1|LIPIN family|TMEM9/TMEM9B	RNA polymerase II, heptapeptide repeat, eukaryotic|Golgin subfamily A member 6-like|Forkhead box protein P|Involucrin repeat|FAM186A, PQQAQ repeat|Nuclear pore complex interacting protein|Mastermind-like protein 2, transcriptional activation domain|Protein arginine N-methyltransferase	FAM186A, PQQAQ repeat|RNA polymerase II, heptapeptide repeat, eukaryotic|Protein arginine N-methyltransferase|Golgin subfamily A member 6-like|Forkhead box protein P|Dolichyl-diphosphooligosaccharide--protein glycosyltransferase subunit Swp1|LIPIN family|TMEM9/TMEM9B	0	0	0	1	0	0	0	0	0	0	0	0	0	0	0	0	0	0	0	0	0	0	0	0								false		false	false	false	2	2
RUNX1T1	AC073610.2	8	12	92095083	48948489	-	+	-	-	translocation/5'-5'	CDS	intron	ENST00000613886	.	.	18			.	.	.	.	IPR049147|IPR000684|IPR025799|IPR026737|IPR050998|IPR008814|IPR026058|IPR008853	IPR049147|IPR000684|IPR026737|IPR050998|IPR025799|IPR008814|IPR026058|IPR008853	IPR000684|IPR026737|IPR050998|IPR000354|IPR049147|IPR009443|IPR048452|IPR025799	IPR049147|IPR000684|IPR025799|IPR026737|IPR050998|IPR008814|IPR026058|IPR008853	FAM186A, PQQAQ repeat|RNA polymerase II, heptapeptide repeat, eukaryotic|Protein arginine N-methyltransferase|Golgin subfamily A member 6-like|Forkhead box protein P|Dolichyl-diphosphooligosaccharide--protein glycosyltransferase subunit Swp1|LIPIN family|TMEM9/TMEM9B	FAM186A, PQQAQ repeat|RNA polymerase II, heptapeptide repeat, eukaryotic|Golgin subfamily A member 6-like|Forkhead box protein P|Protein arginine N-methyltransferase|Dolichyl-diphosphooligosaccharide--protein glycosyltransferase subunit Swp1|LIPIN family|TMEM9/TMEM9B	RNA polymerase II, heptapeptide repeat, eukaryotic|Golgin subfamily A member 6-like|Forkhead box protein P|Involucrin repeat|FAM186A, PQQAQ repeat|Nuclear pore complex interacting protein|Mastermind-like protein 2, transcriptional activation domain|Protein arginine N-methyltransferase	FAM186A, PQQAQ repeat|RNA polymerase II, heptapeptide repeat, eukaryotic|Protein arginine N-methyltransferase|Golgin subfamily A member 6-like|Forkhead box protein P|Dolichyl-diphosphooligosaccharide--protein glycosyltransferase subunit Swp1|LIPIN family|TMEM9/TMEM9B	0	0	0	1	0	0	0	0	0	0	0	0	0	0	0	0	0	0	0	0	0	0	0	0								false		false	false	false	2	2
TIGD5	AC079340.1(2857),AC079340.2(25557)	8	4	143602319	152181430	+	+	+	.	translocation	3'UTR	intergenic	ENST00000504548	.	.	19	ENSP00000421489		.	.	.	.	IPR049147|IPR000684|IPR025799|IPR026737|IPR050998|IPR008814|IPR026058|IPR008853	IPR049147|IPR000684|IPR026737|IPR050998|IPR025799|IPR008814|IPR026058|IPR008853	IPR000684|IPR026737|IPR050998|IPR000354|IPR049147|IPR009443|IPR048452|IPR025799	IPR049147|IPR000684|IPR025799|IPR026737|IPR050998|IPR008814|IPR026058|IPR008853	FAM186A, PQQAQ repeat|RNA polymerase II, heptapeptide repeat, eukaryotic|Protein arginine N-methyltransferase|Golgin subfamily A member 6-like|Forkhead box protein P|Dolichyl-diphosphooligosaccharide--protein glycosyltransferase subunit Swp1|LIPIN family|TMEM9/TMEM9B	FAM186A, PQQAQ repeat|RNA polymerase II, heptapeptide repeat, eukaryotic|Golgin subfamily A member 6-like|Forkhead box protein P|Protein arginine N-methyltransferase|Dolichyl-diphosphooligosaccharide--protein glycosyltransferase subunit Swp1|LIPIN family|TMEM9/TMEM9B	RNA polymerase II, heptapeptide repeat, eukaryotic|Golgin subfamily A member 6-like|Forkhead box protein P|Involucrin repeat|FAM186A, PQQAQ repeat|Nuclear pore complex interacting protein|Mastermind-like protein 2, transcriptional activation domain|Protein arginine N-methyltransferase	FAM186A, PQQAQ repeat|RNA polymerase II, heptapeptide repeat, eukaryotic|Protein arginine N-methyltransferase|Golgin subfamily A member 6-like|Forkhead box protein P|Dolichyl-diphosphooligosaccharide--protein glycosyltransferase subunit Swp1|LIPIN family|TMEM9/TMEM9B	0	0	0	1	0	0	0	0	0	0	0	0	0	0	0	0	0	0	0	0	0	0	0	0	ENSG00000179886		ENST00000504548	143597831				false		false	false	false	2	2
AC067930.2	MAILR(12312),NPM1P52(2008)	8	8	143633490	103014736	-	-	-	.	deletion	exon	intergenic	ENST00000524808	.	.	20			.	.	.	.	IPR049147|IPR000684|IPR025799|IPR026737|IPR050998|IPR008814|IPR026058|IPR008853	IPR049147|IPR000684|IPR026737|IPR050998|IPR025799|IPR008814|IPR026058|IPR008853	IPR000684|IPR026737|IPR050998|IPR000354|IPR049147|IPR009443|IPR048452|IPR025799	IPR049147|IPR000684|IPR025799|IPR026737|IPR050998|IPR008814|IPR026058|IPR008853	FAM186A, PQQAQ repeat|RNA polymerase II, heptapeptide repeat, eukaryotic|Protein arginine N-methyltransferase|Golgin subfamily A member 6-like|Forkhead box protein P|Dolichyl-diphosphooligosaccharide--protein glycosyltransferase subunit Swp1|LIPIN family|TMEM9/TMEM9B	FAM186A, PQQAQ repeat|RNA polymerase II, heptapeptide repeat, eukaryotic|Golgin subfamily A member 6-like|Forkhead box protein P|Protein arginine N-methyltransferase|Dolichyl-diphosphooligosaccharide--protein glycosyltransferase subunit Swp1|LIPIN family|TMEM9/TMEM9B	RNA polymerase II, heptapeptide repeat, eukaryotic|Golgin subfamily A member 6-like|Forkhead box protein P|Involucrin repeat|FAM186A, PQQAQ repeat|Nuclear pore complex interacting protein|Mastermind-like protein 2, transcriptional activation domain|Protein arginine N-methyltransferase	FAM186A, PQQAQ repeat|RNA polymerase II, heptapeptide repeat, eukaryotic|Protein arginine N-methyltransferase|Golgin subfamily A member 6-like|Forkhead box protein P|Dolichyl-diphosphooligosaccharide--protein glycosyltransferase subunit Swp1|LIPIN family|TMEM9/TMEM9B	0	0	0	1	0	0	0	0	0	0	0	0	0	0	0	0	0	0	0	0	0	0	0	0	ENSG00000254812							false		false	false	false	2	2
PGK1	TAF9B	X	X	78128537	78132026	.	.	+	-	duplication/3'-3'	3'UTR	intron	.	.	.	21			.	.	.	.	IPR049147|IPR000684|IPR025799|IPR026737|IPR050998|IPR008814|IPR026058|IPR008853	IPR049147|IPR000684|IPR026737|IPR050998|IPR025799|IPR008814|IPR026058|IPR008853	IPR000684|IPR026737|IPR050998|IPR000354|IPR049147|IPR009443|IPR048452|IPR025799	IPR049147|IPR000684|IPR025799|IPR026737|IPR050998|IPR008814|IPR026058|IPR008853	FAM186A, PQQAQ repeat|RNA polymerase II, heptapeptide repeat, eukaryotic|Protein arginine N-methyltransferase|Golgin subfamily A member 6-like|Forkhead box protein P|Dolichyl-diphosphooligosaccharide--protein glycosyltransferase subunit Swp1|LIPIN family|TMEM9/TMEM9B	FAM186A, PQQAQ repeat|RNA polymerase II, heptapeptide repeat, eukaryotic|Golgin subfamily A member 6-like|Forkhead box protein P|Protein arginine N-methyltransferase|Dolichyl-diphosphooligosaccharide--protein glycosyltransferase subunit Swp1|LIPIN family|TMEM9/TMEM9B	RNA polymerase II, heptapeptide repeat, eukaryotic|Golgin subfamily A member 6-like|Forkhead box protein P|Involucrin repeat|FAM186A, PQQAQ repeat|Nuclear pore complex interacting protein|Mastermind-like protein 2, transcriptional activation domain|Protein arginine N-methyltransferase	FAM186A, PQQAQ repeat|RNA polymerase II, heptapeptide repeat, eukaryotic|Protein arginine N-methyltransferase|Golgin subfamily A member 6-like|Forkhead box protein P|Dolichyl-diphosphooligosaccharide--protein glycosyltransferase subunit Swp1|LIPIN family|TMEM9/TMEM9B	0	0	2	2	0	0	0	0	0	0	0	0	0	0	0	0	0	0	0	0	0	0	0	0								false		false	false	false	2	2
AL035414.1(21105),HHAT(2607)	RUNX1T1	1	8	210325645	92005274	.	.	.	-	translocation	intergenic	CDS	.	.	.	22			.	.	.	.	IPR049147|IPR000684|IPR025799|IPR026737|IPR050998|IPR008814|IPR026058|IPR008853	IPR049147|IPR000684|IPR026737|IPR050998|IPR025799|IPR008814|IPR026058|IPR008853	IPR000684|IPR026737|IPR050998|IPR000354|IPR049147|IPR009443|IPR048452|IPR025799	IPR049147|IPR000684|IPR025799|IPR026737|IPR050998|IPR008814|IPR026058|IPR008853	FAM186A, PQQAQ repeat|RNA polymerase II, heptapeptide repeat, eukaryotic|Protein arginine N-methyltransferase|Golgin subfamily A member 6-like|Forkhead box protein P|Dolichyl-diphosphooligosaccharide--protein glycosyltransferase subunit Swp1|LIPIN family|TMEM9/TMEM9B	FAM186A, PQQAQ repeat|RNA polymerase II, heptapeptide repeat, eukaryotic|Golgin subfamily A member 6-like|Forkhead box protein P|Protein arginine N-methyltransferase|Dolichyl-diphosphooligosaccharide--protein glycosyltransferase subunit Swp1|LIPIN family|TMEM9/TMEM9B	RNA polymerase II, heptapeptide repeat, eukaryotic|Golgin subfamily A member 6-like|Forkhead box protein P|Involucrin repeat|FAM186A, PQQAQ repeat|Nuclear pore complex interacting protein|Mastermind-like protein 2, transcriptional activation domain|Protein arginine N-methyltransferase	FAM186A, PQQAQ repeat|RNA polymerase II, heptapeptide repeat, eukaryotic|Protein arginine N-methyltransferase|Golgin subfamily A member 6-like|Forkhead box protein P|Dolichyl-diphosphooligosaccharide--protein glycosyltransferase subunit Swp1|LIPIN family|TMEM9/TMEM9B	0	0	2	2	0	0	0	0	0	0	0	0	0	0	0	0	0	0	0	0	0	0	0	0								false		false	false	false	2	2
AL109935.1(7560),GPCPD1(990)	BOD1L1	20	4	5543449	13569490	.	.	.	-	translocation	intergenic	3'UTR	.	.	.	23			.	.	.	.	IPR049147|IPR000684|IPR025799|IPR026737|IPR050998|IPR008814|IPR026058|IPR008853	IPR049147|IPR000684|IPR026737|IPR050998|IPR025799|IPR008814|IPR026058|IPR008853	IPR000684|IPR026737|IPR050998|IPR000354|IPR049147|IPR009443|IPR048452|IPR025799	IPR049147|IPR000684|IPR025799|IPR026737|IPR050998|IPR008814|IPR026058|IPR008853	FAM186A, PQQAQ repeat|RNA polymerase II, heptapeptide repeat, eukaryotic|Protein arginine N-methyltransferase|Golgin subfamily A member 6-like|Forkhead box protein P|Dolichyl-diphosphooligosaccharide--protein glycosyltransferase subunit Swp1|LIPIN family|TMEM9/TMEM9B	FAM186A, PQQAQ repeat|RNA polymerase II, heptapeptide repeat, eukaryotic|Golgin subfamily A member 6-like|Forkhead box protein P|Protein arginine N-methyltransferase|Dolichyl-diphosphooligosaccharide--protein glycosyltransferase subunit Swp1|LIPIN family|TMEM9/TMEM9B	RNA polymerase II, heptapeptide repeat, eukaryotic|Golgin subfamily A member 6-like|Forkhead box protein P|Involucrin repeat|FAM186A, PQQAQ repeat|Nuclear pore complex interacting protein|Mastermind-like protein 2, transcriptional activation domain|Protein arginine N-methyltransferase	FAM186A, PQQAQ repeat|RNA polymerase II, heptapeptide repeat, eukaryotic|Protein arginine N-methyltransferase|Golgin subfamily A member 6-like|Forkhead box protein P|Dolichyl-diphosphooligosaccharide--protein glycosyltransferase subunit Swp1|LIPIN family|TMEM9/TMEM9B	0	0	2	2	0	0	0	0	0	0	0	0	0	0	0	0	0	0	0	0	0	0	0	0								false		false	false	false	2	2
R3HCC1L	AL391684.1	10	10	98230589	99456760	.	.	+	+	inversion/3'-3'	intron	intron	.	.	.	24			.	.	.	.	IPR049147|IPR000684|IPR025799|IPR026737|IPR050998|IPR008814|IPR026058|IPR008853	IPR049147|IPR000684|IPR026737|IPR050998|IPR025799|IPR008814|IPR026058|IPR008853	IPR000684|IPR026737|IPR050998|IPR000354|IPR049147|IPR009443|IPR048452|IPR025799	IPR049147|IPR000684|IPR025799|IPR026737|IPR050998|IPR008814|IPR026058|IPR008853	FAM186A, PQQAQ repeat|RNA polymerase II, heptapeptide repeat, eukaryotic|Protein arginine N-methyltransferase|Golgin subfamily A member 6-like|Forkhead box protein P|Dolichyl-diphosphooligosaccharide--protein glycosyltransferase subunit Swp1|LIPIN family|TMEM9/TMEM9B	FAM186A, PQQAQ repeat|RNA polymerase II, heptapeptide repeat, eukaryotic|Golgin subfamily A member 6-like|Forkhead box protein P|Protein arginine N-methyltransferase|Dolichyl-diphosphooligosaccharide--protein glycosyltransferase subunit Swp1|LIPIN family|TMEM9/TMEM9B	RNA polymerase II, heptapeptide repeat, eukaryotic|Golgin subfamily A member 6-like|Forkhead box protein P|Involucrin repeat|FAM186A, PQQAQ repeat|Nuclear pore complex interacting protein|Mastermind-like protein 2, transcriptional activation domain|Protein arginine N-methyltransferase	FAM186A, PQQAQ repeat|RNA polymerase II, heptapeptide repeat, eukaryotic|Protein arginine N-methyltransferase|Golgin subfamily A member 6-like|Forkhead box protein P|Dolichyl-diphosphooligosaccharide--protein glycosyltransferase subunit Swp1|LIPIN family|TMEM9/TMEM9B	0	0	2	2	0	0	0	0	0	0	0	0	0	0	0	0	0	0	0	0	0	0	0	0								false		false	false	false	2	2
PTDSS1	SPRYD3	8	12	96304181	53067705	+	-	+	-	translocation	CDS/splice-site	CDS/splice-site	ENST00000517309	ENST00000301463	in-frame	25	ENSP00000430548	ENSP00000301463	MASCVGSRTLSKDDVNYKMHFRMINEQQVEDITIDFFYRPHTITLLSFTIVSLMYFAFTRDDSVPEDNIWRGILSVIFFFLIISVLAFPNGPFTRPHPALWRMVFGLSVLYFLFLVFLLFLNFEQVKSLMYWLDPNLRYATREADVMEYAVNCHVITWERIISHFDIFAFGHFWGWAMKALLIRSYGLCWTISITWELTELFFMHLLPNFAECWWDQVILDILLCNGGGIWLGMVVCRFLEMRTYHWASFKDIHTTTGKIKRAVLQFTPASWTYVRWFDPKSSFQRVAGVYLFMIIWQ	LTELNTFFLKHIFVFQASHPLSWGRILFIGGITAPTVRQYYAYLTDTQCKRVGTQCWVFGVIGFLEAIVCIKFGQDLFSKTQILYVVLWLLCVAFTTFLCLYGMIWYAEHYGHREKTYSECEDGTYSPEISWHHRKGTKGSEDSPPKHAGNNESHSSRRRNRHSKSKVTNGVGKK	MRRTRRPRFVLMNKMDDLNLHYRFLNWRRRIREIREVRAFRYQERFKHILVDGDTLSYHGNSGEVGCYVASRPLTKDSNYFEVSIVDSGVRGTIAVGLVPQYYSLDHQPGWLPDSVAYHADDGKLYNGRAKGRQFGSKCNSGDRIGCGIEPVSFDVQTAQIFFTKNGKRVGSTIMPMSPDGLFPAVGMHSLGEEVRLHLNAELGREDDSVMMVDSYEDEWGRLHDVRVCGTLLEYLGKGKSIVDVGLAQARHPLSTRSHYFEVEIVDPGEKCYIALGLARKD	YPKNRHPGWSRGSVAYHADDGKIFHGSGVGDPFGPRCYKGDIMGCGIMFPRDYILDSEGDSDDSCDTVILSPTARAVRNVRNVMYLHQEGEEEEEEEEEEEDGEEIEPEHEGRKVVVFFTRNGKIIGKKDAVVPSGGFFPTIGMLSCGEKVKVDLHPLSG	IPR007311|IPR016720|IPR025958|-|IPR015925|IPR007143|IPR029370|IPR040176	IPR019395|IPR052771|IPR013874|IPR012582|IPR039662|IPR037608|IPR051851|IPR029425	IPR001870|IPR003877|IPR050618|IPR037353|IPR045129|IPR050603|IPR051165|IPR022684	IPR050390|-|IPR045318|IPR051437|IPR040552|IPR025069|IPR037869|IPR015047	ST7|Phosphatidate cytidylyltransferase, eukaryota|SID1 transmembrane family|-|Ryanodine/Inositol 1,4,5-trisphosphate receptor|Vacuolar protein sorting-associated Vps28|TMEM117 protein|RING finger protein RNF121/RNF175	Transmembrane protein 161A/B|Neurotrophin-activated signaling adaptor|Cdc37, Hsp90 binding|DNA-dependent protein kinase catalytic subunit, CC3|Cohesin subunit Scc3/SA|Stromal interaction molecule|EFR3 Homologs|Protein MMS22-like, N-terminal	B30.2/SPRY domain|SPRY domain|Ubiquitination and Signaling Pathway Regulator|Histone methyltransferase complex subunit ASH2|E3 ubiquitin-protein ligase RNF123/RSPRY1-like|MYST family histone acetyltransferases|Multifunctional Ankyrin Repeat Domain-Containing Protein|Peptidase C2, calpain family	DNA Cytosine-5 Methyltransferase|-|Histone-lysine N-methyltransferase EZH1/2-like|Tubulin tyrosine ligase-like monoglycylase|DNMT3, cysteine rich ADD domain, GATA1-like zinc finger|Cleavage and polyadenylation specificity factor 2, C-terminal|Spp1/CFP1|Synaptojanin-1/2, RNA recognition motif	0	0	0	0	0	0	0	0	0	0	0	0	0	0	0	1	1	0	0	0	0	0	0	0	ENSG00000156471	ENSG00000167778	ENST00000517309	96261902	ENST00000301463	53079390	2	true	0	true	false	true	1	1
SSR1	RNF165	6	18	7296298	46366996	-	-	-	+	translocation/5'-5'	intron	intron	.	.	.	26			.	.	.	.	IPR049147|IPR000684|IPR025799|IPR026737|IPR050998|IPR008814|IPR026058|IPR008853	IPR049147|IPR000684|IPR026737|IPR050998|IPR025799|IPR008814|IPR026058|IPR008853	IPR000684|IPR026737|IPR050998|IPR000354|IPR049147|IPR009443|IPR048452|IPR025799	IPR049147|IPR000684|IPR025799|IPR026737|IPR050998|IPR008814|IPR026058|IPR008853	FAM186A, PQQAQ repeat|RNA polymerase II, heptapeptide repeat, eukaryotic|Protein arginine N-methyltransferase|Golgin subfamily A member 6-like|Forkhead box protein P|Dolichyl-diphosphooligosaccharide--protein glycosyltransferase subunit Swp1|LIPIN family|TMEM9/TMEM9B	FAM186A, PQQAQ repeat|RNA polymerase II, heptapeptide repeat, eukaryotic|Golgin subfamily A member 6-like|Forkhead box protein P|Protein arginine N-methyltransferase|Dolichyl-diphosphooligosaccharide--protein glycosyltransferase subunit Swp1|LIPIN family|TMEM9/TMEM9B	RNA polymerase II, heptapeptide repeat, eukaryotic|Golgin subfamily A member 6-like|Forkhead box protein P|Involucrin repeat|FAM186A, PQQAQ repeat|Nuclear pore complex interacting protein|Mastermind-like protein 2, transcriptional activation domain|Protein arginine N-methyltransferase	FAM186A, PQQAQ repeat|RNA polymerase II, heptapeptide repeat, eukaryotic|Protein arginine N-methyltransferase|Golgin subfamily A member 6-like|Forkhead box protein P|Dolichyl-diphosphooligosaccharide--protein glycosyltransferase subunit Swp1|LIPIN family|TMEM9/TMEM9B	0	0	0	1	0	0	0	0	0	0	0	0	0	0	0	0	0	0	0	0	0	0	0	0								false		false	false	false	2	2
RACK1	RACK1	5	5	181236948	181238098	-	+	-	-	inversion/5'-5'	3'UTR	intron	ENST00000512805	.	stop-codon	27	ENSP00000426909		.	.	.	.	IPR049147|IPR000684|IPR025799|IPR026737|IPR050998|IPR008814|IPR026058|IPR008853	IPR049147|IPR000684|IPR026737|IPR050998|IPR025799|IPR008814|IPR026058|IPR008853	IPR000684|IPR026737|IPR050998|IPR000354|IPR049147|IPR009443|IPR048452|IPR025799	IPR049147|IPR000684|IPR025799|IPR026737|IPR050998|IPR008814|IPR026058|IPR008853	FAM186A, PQQAQ repeat|RNA polymerase II, heptapeptide repeat, eukaryotic|Protein arginine N-methyltransferase|Golgin subfamily A member 6-like|Forkhead box protein P|Dolichyl-diphosphooligosaccharide--protein glycosyltransferase subunit Swp1|LIPIN family|TMEM9/TMEM9B	FAM186A, PQQAQ repeat|RNA polymerase II, heptapeptide repeat, eukaryotic|Golgin subfamily A member 6-like|Forkhead box protein P|Protein arginine N-methyltransferase|Dolichyl-diphosphooligosaccharide--protein glycosyltransferase subunit Swp1|LIPIN family|TMEM9/TMEM9B	RNA polymerase II, heptapeptide repeat, eukaryotic|Golgin subfamily A member 6-like|Forkhead box protein P|Involucrin repeat|FAM186A, PQQAQ repeat|Nuclear pore complex interacting protein|Mastermind-like protein 2, transcriptional activation domain|Protein arginine N-methyltransferase	FAM186A, PQQAQ repeat|RNA polymerase II, heptapeptide repeat, eukaryotic|Protein arginine N-methyltransferase|Golgin subfamily A member 6-like|Forkhead box protein P|Dolichyl-diphosphooligosaccharide--protein glycosyltransferase subunit Swp1|LIPIN family|TMEM9/TMEM9B	0	0	0	1	0	0	0	0	0	0	0	0	0	0	0	1	0	0	0	0	0	0	0	0	ENSG00000204628		ENST00000512805	181243906				false		false	false	false	2	2
MALT1	AC104365.2(15462),RNU6-219P(31964)	18	18	58743091	58773304	.	.	+	.	deletion/read-through	intron	intergenic	.	.	.	28			.	.	.	.	IPR049147|IPR000684|IPR025799|IPR026737|IPR050998|IPR008814|IPR026058|IPR008853	IPR049147|IPR000684|IPR026737|IPR050998|IPR025799|IPR008814|IPR026058|IPR008853	IPR000684|IPR026737|IPR050998|IPR000354|IPR049147|IPR009443|IPR048452|IPR025799	IPR049147|IPR000684|IPR025799|IPR026737|IPR050998|IPR008814|IPR026058|IPR008853	FAM186A, PQQAQ repeat|RNA polymerase II, heptapeptide repeat, eukaryotic|Protein arginine N-methyltransferase|Golgin subfamily A member 6-like|Forkhead box protein P|Dolichyl-diphosphooligosaccharide--protein glycosyltransferase subunit Swp1|LIPIN family|TMEM9/TMEM9B	FAM186A, PQQAQ repeat|RNA polymerase II, heptapeptide repeat, eukaryotic|Golgin subfamily A member 6-like|Forkhead box protein P|Protein arginine N-methyltransferase|Dolichyl-diphosphooligosaccharide--protein glycosyltransferase subunit Swp1|LIPIN family|TMEM9/TMEM9B	RNA polymerase II, heptapeptide repeat, eukaryotic|Golgin subfamily A member 6-like|Forkhead box protein P|Involucrin repeat|FAM186A, PQQAQ repeat|Nuclear pore complex interacting protein|Mastermind-like protein 2, transcriptional activation domain|Protein arginine N-methyltransferase	FAM186A, PQQAQ repeat|RNA polymerase II, heptapeptide repeat, eukaryotic|Protein arginine N-methyltransferase|Golgin subfamily A member 6-like|Forkhead box protein P|Dolichyl-diphosphooligosaccharide--protein glycosyltransferase subunit Swp1|LIPIN family|TMEM9/TMEM9B	0	0	2	2	0	0	0	0	0	0	0	0	0	0	0	0	0	0	0	0	0	0	0	0								false		false	false	false	2	2
GUSBP1	CDH12	5	5	21505507	21965719	.	.	+	-	deletion/5'-5'	intron	intron	.	.	.	29			.	.	.	.	IPR049147|IPR000684|IPR025799|IPR026737|IPR050998|IPR008814|IPR026058|IPR008853	IPR049147|IPR000684|IPR026737|IPR050998|IPR025799|IPR008814|IPR026058|IPR008853	IPR000684|IPR026737|IPR050998|IPR000354|IPR049147|IPR009443|IPR048452|IPR025799	IPR049147|IPR000684|IPR025799|IPR026737|IPR050998|IPR008814|IPR026058|IPR008853	FAM186A, PQQAQ repeat|RNA polymerase II, heptapeptide repeat, eukaryotic|Protein arginine N-methyltransferase|Golgin subfamily A member 6-like|Forkhead box protein P|Dolichyl-diphosphooligosaccharide--protein glycosyltransferase subunit Swp1|LIPIN family|TMEM9/TMEM9B	FAM186A, PQQAQ repeat|RNA polymerase II, heptapeptide repeat, eukaryotic|Golgin subfamily A member 6-like|Forkhead box protein P|Protein arginine N-methyltransferase|Dolichyl-diphosphooligosaccharide--protein glycosyltransferase subunit Swp1|LIPIN family|TMEM9/TMEM9B	RNA polymerase II, heptapeptide repeat, eukaryotic|Golgin subfamily A member 6-like|Forkhead box protein P|Involucrin repeat|FAM186A, PQQAQ repeat|Nuclear pore complex interacting protein|Mastermind-like protein 2, transcriptional activation domain|Protein arginine N-methyltransferase	FAM186A, PQQAQ repeat|RNA polymerase II, heptapeptide repeat, eukaryotic|Protein arginine N-methyltransferase|Golgin subfamily A member 6-like|Forkhead box protein P|Dolichyl-diphosphooligosaccharide--protein glycosyltransferase subunit Swp1|LIPIN family|TMEM9/TMEM9B	0	0	2	2	0	0	0	0	0	0	0	0	0	0	0	0	0	0	0	0	0	0	0	0								false		false	false	false	2	2
TNS2	TTLL9	12	20	53053985	31943702	+	-	+	+	translocation/5'-5'	CDS	3'UTR	ENST00000314276	.	.	30	ENSP00000319756		MDGGGVCVGRGDLLSSPQALGQLLRKESRPRRAMKPRKAEPHSFREKVFRKKPPVCAVCKVTIDGTGVSCRVCKVATHRKCEAKVTSACQALPPVELRRNTAPVRRIEHLGSTKSLN	HSKQRSTLPRSFSLDPLMERRWDLDLTYVTERILAAAFPARPDEQRHRGHLRELAHVLQSKHRDKYLLFNLSEKRHDLTRLNPKVQDFGWPELHAPPLDKLCSICKAMETWLSADPQHVVVLYCKGNKGKLGVIVSAYMHYSKISAGADQALATLTMRKFCEDKVATELQPSQRRYISYFSGLLSGSIRMNSSPLFLHYVLIPMLPAFEPGTGFQPFLKIYQSMQLVYTSGVYHIAGPGPQQLCISLEPALLLKGDVMVTCYHKGGRGTDRTLVFRVQFHTCTIHGPQLTFPKDQLDEAWTDERFPFQASVEFVFSSSPEKIKGSTPRNDPSVSVDYNTTEPAVRWDSYENFNQHHEDSVDGSLTHTRGPLDGSPYAQVQRPPRQTPPAPSPEPPPPPMLSVSSDSGHSSTLTTEPAAESPGRPPPTAAERQELDRLLGGCGVASGGRGAGRETAILDDEEQPTVGGGPHLGVYPGHRPGLSRHCSCRQGYREPCGVPNGGYYRPEGTLERRRLAYGGYEGSPQGYAEASMEKRRLCRSLSEGLYPYPPEMGKPATGDFGYRAPGYREVVILEDPGLPALYPCPACEEKLALPTAALYGLRLEREAGEGWASEAGKPLLHPVRPGHPLPLLLPACGHHHAPMPDYSCLKPPKAGEEGHEGCSYTMCPEGRYGHPGYPALVTYSYGGAVPSYCPAYGRVPHSCGSPGEGRGYPSPGAHSPRAGSISPGSPPYPQSRKLSYEIPTEEGGDRYPLPGHLASAGPLASAESLEPVSWREGPSGHSTLPRSPRDAPCSASSELSGPSTPLHTSSPVQGKESTRRQDTRSPTSAPTQRLSPGEALPPVSQAGTGKAPELPSGSGPEPLAPSPVSPTFPPSSPSDWPQERSPGGHSDGASPRSPVPTTLPGLRHAPWQGPRGPPDSPDGSPLTPVPSQMPWLVASPEPPQSSPTPAFPLAASYDTNGLSQPPLPEKRHLPGPGQQPGPWGPEQASSPARGISHHVTFAPLLSDNVPQTPEPPTQESQSNVKFVQDTSKFWYKPHLSRDQAIALLKDKDPGAFLIRDSHSFQGAYGLALKVATPPPSAQPWKGDPVEQLVRHFLIETGPKGVKIKGCPSEPYFGSLSALVSQHSISPISLPCCLRIPSKDPLEETPEAPVPTNMSTAADLLRQGAACSVLYLTSVETESLTGPQAVARASSAALSCSPRPTPAVVHFKVSAQGITLTDNQRKLFFRRHYPVNSITFSSTDPQDRRWTNPDGTTSKIFGFVAKKPGSPWENVCHLFAELDPDQPAGAIVTFITKVLLGQRK	.	.	IPR050449|IPR050540|IPR028118|IPR027640|IPR031994|IPR037608|-|IPR037869	IPR051484|IPR039919|IPR042637|IPR053089|IPR051696|-|IPR026136|IPR050989	IPR000684|IPR026737|IPR050998|IPR000354|IPR049147|IPR009443|IPR048452|IPR025799	IPR049147|IPR000684|IPR025799|IPR026737|IPR050998|IPR008814|IPR026058|IPR008853	Ephrin receptor tyrosine kinases|F-actin Monooxygenase Mical|Chibby family|Kinesin-like protein|Janus kinase and microtubule-interacting protein, C-terminal domain|Stromal interaction molecule|-|Spp1/CFP1	Tensin Phosphatase|Rho guanine nucleotide exchange factor 10/17|Ankyrin repeat domain-containing protein AN34A/B/C|Rho guanine nucleotide exchange factor 18|DENN Domain-Containing GEFs|-|RIPOR family member 3|Rap1/Ran GTPase-activating	RNA polymerase II, heptapeptide repeat, eukaryotic|Golgin subfamily A member 6-like|Forkhead box protein P|Involucrin repeat|FAM186A, PQQAQ repeat|Nuclear pore complex interacting protein|Mastermind-like protein 2, transcriptional activation domain|Protein arginine N-methyltransferase	FAM186A, PQQAQ repeat|RNA polymerase II, heptapeptide repeat, eukaryotic|Protein arginine N-methyltransferase|Golgin subfamily A member 6-like|Forkhead box protein P|Dolichyl-diphosphooligosaccharide--protein glycosyltransferase subunit Swp1|LIPIN family|TMEM9/TMEM9B	0	0	0	1	0	0	0	0	0	0	0	0	0	0	0	1	0	0	0	0	0	0	0	0	ENSG00000111077						2	true		false	false	false	2	2
AL033523.1	PRPF4B	6	6	3637342	4053426	.	.	-	+	duplication/5'-5'	intron	intron	.	.	.	31			.	.	.	.	IPR049147|IPR000684|IPR025799|IPR026737|IPR050998|IPR008814|IPR026058|IPR008853	IPR049147|IPR000684|IPR026737|IPR050998|IPR025799|IPR008814|IPR026058|IPR008853	IPR000684|IPR026737|IPR050998|IPR000354|IPR049147|IPR009443|IPR048452|IPR025799	IPR049147|IPR000684|IPR025799|IPR026737|IPR050998|IPR008814|IPR026058|IPR008853	FAM186A, PQQAQ repeat|RNA polymerase II, heptapeptide repeat, eukaryotic|Protein arginine N-methyltransferase|Golgin subfamily A member 6-like|Forkhead box protein P|Dolichyl-diphosphooligosaccharide--protein glycosyltransferase subunit Swp1|LIPIN family|TMEM9/TMEM9B	FAM186A, PQQAQ repeat|RNA polymerase II, heptapeptide repeat, eukaryotic|Golgin subfamily A member 6-like|Forkhead box protein P|Protein arginine N-methyltransferase|Dolichyl-diphosphooligosaccharide--protein glycosyltransferase subunit Swp1|LIPIN family|TMEM9/TMEM9B	RNA polymerase II, heptapeptide repeat, eukaryotic|Golgin subfamily A member 6-like|Forkhead box protein P|Involucrin repeat|FAM186A, PQQAQ repeat|Nuclear pore complex interacting protein|Mastermind-like protein 2, transcriptional activation domain|Protein arginine N-methyltransferase	FAM186A, PQQAQ repeat|RNA polymerase II, heptapeptide repeat, eukaryotic|Protein arginine N-methyltransferase|Golgin subfamily A member 6-like|Forkhead box protein P|Dolichyl-diphosphooligosaccharide--protein glycosyltransferase subunit Swp1|LIPIN family|TMEM9/TMEM9B	0	0	2	2	0	0	0	0	0	0	0	0	0	0	0	0	0	0	0	0	0	0	0	0								false		false	false	false	2	2
PCAT18	KCTD1	18	18	26703392	26643194	-	-	-	-	deletion/read-through	exon/splice-site	intron	ENST00000579458	.	.	32			.	.	.	.	IPR049147|IPR000684|IPR025799|IPR026737|IPR050998|IPR008814|IPR026058|IPR008853	IPR049147|IPR000684|IPR026737|IPR050998|IPR025799|IPR008814|IPR026058|IPR008853	IPR000684|IPR026737|IPR050998|IPR000354|IPR049147|IPR009443|IPR048452|IPR025799	IPR049147|IPR000684|IPR025799|IPR026737|IPR050998|IPR008814|IPR026058|IPR008853	FAM186A, PQQAQ repeat|RNA polymerase II, heptapeptide repeat, eukaryotic|Protein arginine N-methyltransferase|Golgin subfamily A member 6-like|Forkhead box protein P|Dolichyl-diphosphooligosaccharide--protein glycosyltransferase subunit Swp1|LIPIN family|TMEM9/TMEM9B	FAM186A, PQQAQ repeat|RNA polymerase II, heptapeptide repeat, eukaryotic|Golgin subfamily A member 6-like|Forkhead box protein P|Protein arginine N-methyltransferase|Dolichyl-diphosphooligosaccharide--protein glycosyltransferase subunit Swp1|LIPIN family|TMEM9/TMEM9B	RNA polymerase II, heptapeptide repeat, eukaryotic|Golgin subfamily A member 6-like|Forkhead box protein P|Involucrin repeat|FAM186A, PQQAQ repeat|Nuclear pore complex interacting protein|Mastermind-like protein 2, transcriptional activation domain|Protein arginine N-methyltransferase	FAM186A, PQQAQ repeat|RNA polymerase II, heptapeptide repeat, eukaryotic|Protein arginine N-methyltransferase|Golgin subfamily A member 6-like|Forkhead box protein P|Dolichyl-diphosphooligosaccharide--protein glycosyltransferase subunit Swp1|LIPIN family|TMEM9/TMEM9B	0	0	0	0	0	0	0	0	0	0	0	0	0	0	0	0	0	0	0	0	0	0	0	0	ENSG00000265369							false		false	false	false	2	2
PCAT18	KCTD1	18	18	26703392	26581729	-	-	-	-	deletion/read-through	exon/splice-site	exon/splice-site	ENST00000579458	ENST00000584630	.	33			.	.	.	.	IPR049147|IPR000684|IPR025799|IPR026737|IPR050998|IPR008814|IPR026058|IPR008853	IPR049147|IPR000684|IPR026737|IPR050998|IPR025799|IPR008814|IPR026058|IPR008853	IPR048452|IPR000354|IPR009443|IPR000684|IPR026086|IPR049367|IPR048893|-	IPR000684|IPR049147|IPR026737|IPR050998|IPR025799|IPR008814|IPR008853|IPR026058	FAM186A, PQQAQ repeat|RNA polymerase II, heptapeptide repeat, eukaryotic|Protein arginine N-methyltransferase|Golgin subfamily A member 6-like|Forkhead box protein P|Dolichyl-diphosphooligosaccharide--protein glycosyltransferase subunit Swp1|LIPIN family|TMEM9/TMEM9B	FAM186A, PQQAQ repeat|RNA polymerase II, heptapeptide repeat, eukaryotic|Golgin subfamily A member 6-like|Forkhead box protein P|Protein arginine N-methyltransferase|Dolichyl-diphosphooligosaccharide--protein glycosyltransferase subunit Swp1|LIPIN family|TMEM9/TMEM9B	Mastermind-like protein 2, transcriptional activation domain|Involucrin repeat|Nuclear pore complex interacting protein|RNA polymerase II, heptapeptide repeat, eukaryotic|Proline-rich protein|Testis-expressed protein 13C/D, MVPLGDSxSHS repeat|Nuclear pore complex-interacting protein B13-like, MII repeat|-	RNA polymerase II, heptapeptide repeat, eukaryotic|FAM186A, PQQAQ repeat|Golgin subfamily A member 6-like|Forkhead box protein P|Protein arginine N-methyltransferase|Dolichyl-diphosphooligosaccharide--protein glycosyltransferase subunit Swp1|TMEM9/TMEM9B|LIPIN family	0	0	0	0	0	0	0	0	0	0	0	0	0	0	0	0	0	0	0	0	0	0	0	0	ENSG00000265369	ENSG00000134504						false		false	false	false	2	2
PRPF4B	CAGE1	6	6	4052792	7362421	+	+	+	-	deletion/5'-5'	CDS	intron	ENST00000480058	.	.	34	ENSP00000433547		MAAAETQSLREQPEMEDANSEKSINEENGEVSEDQSQNKHSRHKKKKHKHRSKHKKHKHSSEEDKDKKHKHKHKHKKHKRKEIIDASDKEGMSPAKRTKLDDLALLEDLEKQRALIKAELDNELMEGKVQSGMGLILQGYESGSEEEGEIHEKARNGNRSSTRSSSTKGKLELVDNKITTKKRSKSRSKERTRHRSDKKKSKGGIEIVKEKTTRSKSKERKKSKSPSKRSKSQDQARKSKSPTLRRRSQEKIGKARSPTDDKVKIEDKSKSKDRKKSPIINESRSRDRGKKSRSPVDLRGKSKDRRSRSKERKSKRSETDKEKKPIKSPSKDASSGKENRSPSRRPGRSPKRRSLSPKPRDKSRRSRSPLLNDRRSKQSKSPSRTLSPGRRAKSRSLERKRREPERRRLSSPRTRPRDDILSRRERSKDASPINRWSPTRRRSRSPIRRRSRSPLRRSRSPRRRSRSPRRRDRGRRSRSRLRRRSRSRGGRRRRSRSKVKEDKFKGSLSEGMKVEQESSSDDNLEDFDVEEEDEEALIEQRRIQRQAIVQKYKYLAEDSNMSVPSEPSSPQSSTRTRSPSPDDILERVAADVKEYERENVDTFEASVKAKHNLMTVEQNNGSSQKKLLAPDMFTESDDMFAAYFDSARLRAAGIGKDFKENPNLRDNWTDAEGYYRVNIGEVLDKRYNVYGYTGQGVFSNVVRARDNARANQEVAVKIIRNNELMQKTGLKELEFLKKLNDADPDDKFHCLRLFRHFYHKQHLCLVFEPLSMNLREVLKKYGKDVGLHIKAVRSY	SQQLFLALKLLKRCNILHADIKPDNILVNESKTILKLCDFGSASHVADNDITPYLVSRFYRAPEIIIGKSYDYGIDMWSVGCTLYELYTGKILFPGKTNNHMLKLAMDLKGKMPNKMIRKGVFKDQHFDQNLNFMYIEVDKVTEREKVTVMSTINPTKDLLADLIGCQRLPEDQRKKVHQLKDLLDQILMLDPAKRISINQALQHAFIQEKI	.	.	IPR050494|-|IPR033489|IPR052793|IPR045168|IPR052225|IPR052790|IPR051226	IPR051627|IPR052452|IPR051234|-|IPR050494|IPR038876|IPR050839|IPR000719	IPR048452|IPR000354|IPR009443|IPR000684|IPR026086|IPR049367|IPR048893|-	IPR000684|IPR049147|IPR026737|IPR050998|IPR025799|IPR008814|IPR008853|IPR026058	Serine/threonine and dual-specificity kinase|-|E3 ubiquitin-protein ligase RBBP6 family|Exon junction complex-associated protein|YTH domain containing protein|Serine/arginine repetitive matrix|YEATS domain-containing|Protein Phosphatase 1 Regulatory Subunit	SLIT-ROBO Rho GTPase-activating|Ankyrin repeat and MYND domain-containing protein 2|TAO Serine/Threonine-Protein Kinase|-|Serine/threonine and dual-specificity kinase|Ecto-NOX disulfide-thiol exchanger|Rho-associated Serine/Threonine Kinase|Protein kinase domain	Mastermind-like protein 2, transcriptional activation domain|Involucrin repeat|Nuclear pore complex interacting protein|RNA polymerase II, heptapeptide repeat, eukaryotic|Proline-rich protein|Testis-expressed protein 13C/D, MVPLGDSxSHS repeat|Nuclear pore complex-interacting protein B13-like, MII repeat|-	RNA polymerase II, heptapeptide repeat, eukaryotic|FAM186A, PQQAQ repeat|Golgin subfamily A member 6-like|Forkhead box protein P|Protein arginine N-methyltransferase|Dolichyl-diphosphooligosaccharide--protein glycosyltransferase subunit Swp1|TMEM9/TMEM9B|LIPIN family	0	0	0	1	0	1	0	0	0	1	0	1	0	1	0	1	0	0	0	0	0	0	0	0	ENSG00000112739						2	true		false	false	false	2	2
PARD3	SHOC2	10	10	34372519	111011725	-	-	-	+	duplication/5'-5'	CDS	CDS	ENST00000374789	.	.	35	ENSP00000363921		MKVTVCFGRTRVVVPCGDGHMKVFSLIQQAVTRYRKAIAKDPNYWIQVHRLEHGDGGILDLDDILCDVADDKDRLVAVFDEQDPHHGGDGTSASSTGTQSPEIFGSELGTNNVSAFQPYQATSEIEVTPSVLRANMPLHVRRSSDPALIGLSTSVSDSNFSSEEPSRKNPTRWSTTAGFLKQNTAGSPKTCDRKKDENYRSLPRDTSNWSNQFQRDNARSSLSASHPMVGKWLEKQEQDEDGTEEDNSRVEPVGHADTGLEHIPNFSLDDMVKLVEVPNDGGPLGIHVVPFSARGGRTLGLLVKRLEKGGKAEHENLFRENDCIVRINDGDLRNRRFEQAQHMFRQAMRTPIIWFHVVPAANKEQYEQLSQSEKNNYYSSRFSPDSQYIDNRSVNSAGLHTVQRAPRLNHPPEQIDSHSRLPHSAHPSGKPPSAPASAPQNVFSTTVSSGYNTKKIGKRLNIQLKKGTEGLGFSITSRDVTIGGSAPIYVKNILPRGAAIQDGRLKAGDRLIEVNGVDLVGKSQEEVVSLLRSTKMEGTVSLLVFRQEDAFHPRELNAEPSQ	MQIPKETKAEDEDIVLTPDGTREFLTFEVPLNDSGSAGLGVSVKGNRSKENHADLGIFVKSIINGGAASKDGRLRVNDQLIAVNGESLLGKTNQDAMETLRRSMSTEGNKRGMIQLIVARRISKCNELKSPGSPPGPELPIETALDDRERRISHSLYSGIEGLDESPSRNAALSRIMGESGKYQLSPTVNMPQDDTVIIEDDRLPVLPPHLSDQSSSSSHDDVGFVTADAGTWAKAAISDSADCSLSPDVDPVLAFQREGFGRQSMSEKRTKQFSDASQLDFVKTRKSKSMDLGIADETKLNTVDDQKAGSPSRDVGPSLGLKKSSSLESLQTAVAEVTLNGDIPFHRPRPRIIRGRGCNESFRAAIDKSYDKPAVDDDDEGMETLEEDTEESSRSGRESVSTASDQPSHSLERQMNGNQEKGDKTDRKKDKTGKEKKKDRDKEKDKMKAKKGMLKGLGDMFRFGKHRKDDKIEKTGKIKIQESFTSEEERIRMKQEQERIQAKTREFRERQARERDYAEIQDFHRTFGCDDELMYGGVSSYEGSMALNARPQSPREGHMMDALYAQVKKPRNSKPSPVDSNRSTPSNHDRIQRLRQEFQQAKQDEDVEDRRRTYSFEQPWPNARPATQSGRHSVSVEVQMQRQRQEERESSQQAQRQYSSLPRQSRKNASSVSQDSWEQNYSPGEGFQSAKENPRYSSYQGSRNGYLGGHGFNARVMLETQELLRQEQRRKEQQMKKQPPSEGPSNYDSYKKVQDPSYAPPKGPFRQDVPPSPSQVARLNRLQTPEKGRPFYS	.	.	IPR052213|IPR028842|IPR050989|-|IPR051569|IPR043537|IPR045322|IPR039032	IPR052213|-|IPR029978|IPR043446|IPR051569|IPR028842|IPR050614|IPR051971	IPR048452|IPR000354|IPR009443|IPR000684|IPR026086|IPR049367|IPR048893|-	IPR000684|IPR049147|IPR026737|IPR050998|IPR025799|IPR008814|IPR008853|IPR026058	Partitioning defective 3 homolog|Afadin|Rap1/Ran GTPase-activating|-|SH3 and multiple ankyrin repeat domains protein|Tiam1/Tiam2/Protein still life|E3 ubiquitin-protein ligase HECTD1/TRIP12-like|Rim-like	Partitioning defective 3 homolog|-|LIM domain only protein 7|Neurabin-like family|SH3 and multiple ankyrin repeat domains protein|Afadin|Synaptic Scaffolding LAP/MAGUK Families|E3 ubiquitin-protein ligase PDZ domain-containing protein	Mastermind-like protein 2, transcriptional activation domain|Involucrin repeat|Nuclear pore complex interacting protein|RNA polymerase II, heptapeptide repeat, eukaryotic|Proline-rich protein|Testis-expressed protein 13C/D, MVPLGDSxSHS repeat|Nuclear pore complex-interacting protein B13-like, MII repeat|-	RNA polymerase II, heptapeptide repeat, eukaryotic|FAM186A, PQQAQ repeat|Golgin subfamily A member 6-like|Forkhead box protein P|Protein arginine N-methyltransferase|Dolichyl-diphosphooligosaccharide--protein glycosyltransferase subunit Swp1|TMEM9/TMEM9B|LIPIN family	0	0	0	1	0	0	0	0	0	0	0	0	0	0	0	1	0	0	0	0	0	0	0	0	ENSG00000148498						2	true		false	false	false	2	2
ACSL1	AL035414.1(11626),HHAT(12086)	4	1	184775307	210316166	-	-	-	.	translocation	intron	intergenic	.	.	.	36			.	.	.	.	IPR049147|IPR000684|IPR025799|IPR026737|IPR050998|IPR008814|IPR026058|IPR008853	IPR049147|IPR000684|IPR025799|IPR026737|IPR050998|IPR008814|IPR026058|IPR008853	IPR048452|IPR000354|IPR009443|IPR000684|IPR026086|IPR049367|IPR048893|-	IPR000684|IPR049147|IPR026737|IPR050998|IPR025799|IPR008814|IPR008853|IPR026058	FAM186A, PQQAQ repeat|RNA polymerase II, heptapeptide repeat, eukaryotic|Protein arginine N-methyltransferase|Golgin subfamily A member 6-like|Forkhead box protein P|Dolichyl-diphosphooligosaccharide--protein glycosyltransferase subunit Swp1|LIPIN family|TMEM9/TMEM9B	FAM186A, PQQAQ repeat|RNA polymerase II, heptapeptide repeat, eukaryotic|Protein arginine N-methyltransferase|Golgin subfamily A member 6-like|Forkhead box protein P|Dolichyl-diphosphooligosaccharide--protein glycosyltransferase subunit Swp1|LIPIN family|TMEM9/TMEM9B	Mastermind-like protein 2, transcriptional activation domain|Involucrin repeat|Nuclear pore complex interacting protein|RNA polymerase II, heptapeptide repeat, eukaryotic|Proline-rich protein|Testis-expressed protein 13C/D, MVPLGDSxSHS repeat|Nuclear pore complex-interacting protein B13-like, MII repeat|-	RNA polymerase II, heptapeptide repeat, eukaryotic|FAM186A, PQQAQ repeat|Golgin subfamily A member 6-like|Forkhead box protein P|Protein arginine N-methyltransferase|Dolichyl-diphosphooligosaccharide--protein glycosyltransferase subunit Swp1|TMEM9/TMEM9B|LIPIN family	0	0	0	1	0	0	0	0	0	0	0	0	0	0	0	0	0	0	0	0	0	0	0	0								false		false	false	false	2	2
ATP6V1C1	ZNF623	8	8	103021167	143636542	+	-	+	+	inversion/3'-3'	5'UTR	intron	ENST00000395862	.	.	37	ENSP00000379203		.	.	.	.	IPR049147|IPR000684|IPR025799|IPR026737|IPR050998|IPR008814|IPR026058|IPR008853	IPR049147|IPR000684|IPR025799|IPR026737|IPR050998|IPR008814|IPR026058|IPR008853	IPR048452|IPR000354|IPR009443|IPR000684|IPR026086|IPR049367|IPR048893|-	IPR000684|IPR049147|IPR026737|IPR050998|IPR025799|IPR008814|IPR008853|IPR026058	FAM186A, PQQAQ repeat|RNA polymerase II, heptapeptide repeat, eukaryotic|Protein arginine N-methyltransferase|Golgin subfamily A member 6-like|Forkhead box protein P|Dolichyl-diphosphooligosaccharide--protein glycosyltransferase subunit Swp1|LIPIN family|TMEM9/TMEM9B	FAM186A, PQQAQ repeat|RNA polymerase II, heptapeptide repeat, eukaryotic|Protein arginine N-methyltransferase|Golgin subfamily A member 6-like|Forkhead box protein P|Dolichyl-diphosphooligosaccharide--protein glycosyltransferase subunit Swp1|LIPIN family|TMEM9/TMEM9B	Mastermind-like protein 2, transcriptional activation domain|Involucrin repeat|Nuclear pore complex interacting protein|RNA polymerase II, heptapeptide repeat, eukaryotic|Proline-rich protein|Testis-expressed protein 13C/D, MVPLGDSxSHS repeat|Nuclear pore complex-interacting protein B13-like, MII repeat|-	RNA polymerase II, heptapeptide repeat, eukaryotic|FAM186A, PQQAQ repeat|Golgin subfamily A member 6-like|Forkhead box protein P|Protein arginine N-methyltransferase|Dolichyl-diphosphooligosaccharide--protein glycosyltransferase subunit Swp1|TMEM9/TMEM9B|LIPIN family	0	0	0	1	0	0	0	0	0	0	0	0	0	0	0	1	0	0	0	0	0	0	0	0	ENSG00000155097							false		false	false	false	2	2
NPY4R	YAP1(14413),AP000942.1(47223)	10	11	46461058	102247837	-	-	-	.	translocation	intergenic	intergenic	ENST00000374312	.	.	38	ENSP00000363431		.	.	.	.	IPR049147|IPR000684|IPR025799|IPR026737|IPR050998|IPR008814|IPR026058|IPR008853	IPR049147|IPR000684|IPR025799|IPR026737|IPR050998|IPR008814|IPR026058|IPR008853	IPR048452|IPR000354|IPR009443|IPR000684|IPR026086|IPR049367|IPR048893|-	IPR000684|IPR049147|IPR026737|IPR050998|IPR025799|IPR008814|IPR008853|IPR026058	FAM186A, PQQAQ repeat|RNA polymerase II, heptapeptide repeat, eukaryotic|Protein arginine N-methyltransferase|Golgin subfamily A member 6-like|Forkhead box protein P|Dolichyl-diphosphooligosaccharide--protein glycosyltransferase subunit Swp1|LIPIN family|TMEM9/TMEM9B	FAM186A, PQQAQ repeat|RNA polymerase II, heptapeptide repeat, eukaryotic|Protein arginine N-methyltransferase|Golgin subfamily A member 6-like|Forkhead box protein P|Dolichyl-diphosphooligosaccharide--protein glycosyltransferase subunit Swp1|LIPIN family|TMEM9/TMEM9B	Mastermind-like protein 2, transcriptional activation domain|Involucrin repeat|Nuclear pore complex interacting protein|RNA polymerase II, heptapeptide repeat, eukaryotic|Proline-rich protein|Testis-expressed protein 13C/D, MVPLGDSxSHS repeat|Nuclear pore complex-interacting protein B13-like, MII repeat|-	RNA polymerase II, heptapeptide repeat, eukaryotic|FAM186A, PQQAQ repeat|Golgin subfamily A member 6-like|Forkhead box protein P|Protein arginine N-methyltransferase|Dolichyl-diphosphooligosaccharide--protein glycosyltransferase subunit Swp1|TMEM9/TMEM9B|LIPIN family	0	0	0	1	0	0	0	0	0	0	0	0	0	0	0	0	0	0	0	0	0	0	0	0	ENSG00000204174		ENST00000374312	46465958				false		false	false	false	2	2
BPTF	KPNA2	17	17	67894158	68037399	+	+	+	+	deletion/read-through	CDS	CDS	ENST00000306378	ENST00000676857	.	39	ENSP00000307208	ENSP00000503884	MRGRRGRPPKQPAAPAAERCAPAPPPPPPPPTSGPIGGLRSRHRGSSRGRWAAAQAEVAPKTRLSSPRGGSSSRRKPPPPPPAPPSTSAPGRGGRGGGGGRTGGGGGGGHLARTTAARRAVNKVVYDDHESEEEEEEEDMVSEEEEEEDGDAEETQDSEDDEEDEMEEDDDDSDYPEEMEDDDDDASYCTESSFRSHSTYSSTPGRRKPRVHRPRSPILEEKDIPPLEFPKSSEDLMVPNEHIMNVIAIYEVLRNFGTVLRLSPFRFEDFCAALVSQEQCTLMAEMHVVLLKAVLREEDTSNTTFGPADLKDSVNSTLYFIDGMTWPEVLRVYCESDKEYHHVLPYQEAEDYPYGPVENKIKVLQFLVDQFLTTNIAREELMSEGVIQYDDHCRVCHKLGDLLCCETCSAVYHLECVKPPLEEVPEDEWQCEVCVAHKVPGVTDCVAEIQKNKPYIRHEPIGYDRSRRKYWFLNRRLIIEEDTENENEKKIWYYSTKVQLAELIDCLDKDYWEAELCKILEEMREEIHRHMDITEDLTNKARGSNKSFLAAANEEILESIRAKKGDIDNVKSPEETEKDKNETENDSKDAEKNREEFEDQSLEKDSDDKTPDDDPEQGKSEVGDFKSEKSNGELSESPGAGKGASGSTRIITRLRNPDSKLSQLKSQQVAAAAHEANKLFKEGKEVLVVNSQGEISRLSTKKEVIMKGNINNYFKLGQEGKYRVYHNQYSTNSFALNKHQHREDHDKRRHLAHKFCLTPAGEFKWNGSVHGSKVLTISTLRLTITQLENNIPSSFLHPNWASHRANWIKAVQMCSKPREFALALAILECAVKPVVMLPIWRESLGH	TRLHRMTSIEREEKEKVKKKEKKQEEEETMQQATWVKYTFPVKHQVWKQKGEEYRVTGYGGWSWISKTHVYRFVPKLPGNTNVNYRKSLEGTKNNMDENMDESDKRKCSRSPKKIKIEPDSEKDEVKGSDAAKGADQNEMDISKITEKKDQDVKELLDSDSDKPCKEEPMEVDDDMKTESHVNCQESSQVDVVNVSEGFHLRTSYKKKTKSSKLDGLLERRIKQFTLEEKQRLEKIKLEGGIKGIGKTSTNSSKNLSESPVITKAKEGCQSDSMRQEQSPNANNDQPEDLIQGCSESDSSVLRMSDPSHTTNKLYPKDRVLDDVSIRSPETKCPKQNSIENDIEEKVSDLASRGQEPSKSKTKGNDFFIDDSKLASADDIGTLICKNKKPLIQEESDTIVSSSKSALHSSVPKSTNDRDATPLSRAMDFEGKLGCDSESNSTLENSSDTVSIQDSSEEDMIVQNSNESISEQFRTREQDVEVLEPLKCELVSGESTGNCEDRLPVKGTEANGKKPSQQKKLEERPVNKCSDQIKLKNTTDKKNNENRESEKKGQRTSTFQINGKDNKPKIYLKGECLKEISESRVVSGNVEPKVNNINKIIPENDIKSLTVKESAIRPFINGDVIMEDFNERNSSETKSHLLSSSDAEGNYRDSLETLPSTKESDSTQTTTPSASCPESNSVNQVEDMEIETSEVKKVTSSPITSEEESNLSNDFIDENGLPINKNENVNGESKRKTVITEVTTMTSTVATESKTVIKVEKGDKQTVVSSTENCAKSTVTTTTTTVTKLSTPSTGGSVDIISVKEQSKTVVTTTVTDSLTTTGGTLVTSMTVSKEYSTRDKVKLMKFSRPKKTRSGTALPSYRKFVTKSSKKSIFVLPNDDLKKLARKGGIREVPYFNYNAKPALDIWPYPSPRPTFGITWRYRLQTVKSLAGVSLMLRLLWASLRWDDMAAKAPPGGGTTRTETSETEITTTEIIKRRDVGPYGIRSEYCIRKIICPIGVPETPKETPTPQRKGLRSSALRPKRPETPKQTGPVIIETWVAEEELELWEIRAFAERVEKEKAQAVEQQAKKRLEQQKPTVIATSTTSPTSSTTSTISPAQKVMVAPISGSVTTGTKMVLTTKVGSPATVTFQQNKNFHQTFATWVKQGQSNSGVVQVQQKVLGIIPSSTGTSQQTFTSFQPRTATVTIRPNTSGSGGTTSNSQVITGPQIRPGMTVIRTPLQQSTLGKAIIRTPVMVQPGAPQQVMTQIIRGQPVSTAVSAPNTVSSTPGQKSLTSATSTSNIQSSASQPPRPQQGQVKLTMAQLTQLTQGHGGNQGLTVVIQGQGQTTGQLQLIPQGVTVLPGPGQQLMQAAMPNGTVQRFLFTPLATTATTASTTTTTVSTTAAGTGEQRQSKLSPQMQVHQDKTLPPAQSSSVGPAEAQPQTAQPSAQPQPQTQPQSPAQPEVQTQPEVQTQTTVSSHVPSEAQPTHAQSSKPQVAAQSQPQSNVQGQSPVRVQSPSQTRIRPSTPSQLSPGQQSQVQTTTSQPIPIQPHTSLQIPSQGQPQSQPQVQSSTQTLSSGQTLNQVTVSSPSRPQLQIQQPQPQVIAVPQLQQQVQVLSQIQSQVVAQIQAQQSGVPQQIKLQLPIQIQQSSAVQTHQIQNVVTVQAASVQEQLQRVQQLRDQQQKKKQQQIEIKREHTLQASNQSEIIQKQVVMKHNAVIEHLKQKKSMTPAEREENQRMIVCNQVMKYILDKIDKEEKQAAKKRKREESVEQKRSKQNATKLSALLFKHKEQLRAEILKKRALLDKDLQIEVQEELKRDLKIKKEKDLMQLAQATAVAAPCPPVTPAPPAPPAPPPSPPPPPAVQHTGLLSTPTLPAASQKRKREEEKDSSSKSKKKKMISTTSKETKKDTKLYCICKTPYDESKFYIGCDRCQNWYHGRCVGILQSEAELIDEYVCPQCQSTEDAMTVLTPLTEKDYEGLKRVLRSLQAHKMAWPFLEPVDPNDAPDYYGVIKEPMDLATMEERVQRRYYEKLTEFVADMTKIFDNCRYYNPSDSPFYQCAEVLESFFVQKLKGFKASRSHNNKLQSTAS	MSTNENANTPAARLHRFKNKGKDSTEMRRRRIEVNVELR	KAKKDDQMLKRRNVSSFPDDATSPLQENRNNQGTVNWSVDDIVKGINSSNVENQLQATQAARKLLSREKQPPIDNIIRAGLIPKFVSFLGRTDCSPIQFESAWALTNIASGTSEQTKAVVDGGAIPAFISLLASPHAHISEQAVWALGNIAGDGSVFRDLVIKYGAVDPLLALLAVPDMSSLACGYLRNLTWTLSNLCRNKNPAPPIDAVEQILPTLVRLLHHDDPEVLADTCWAISYLTDGPNERIGMVVKTGVVPQLVKLLGASELPIVTPALRAIGNIVTGTDEQTQVVIDAGALAVFPSLLTNPKTNIQKEATWTMSNITAGRQDQIQQVVNHGLVPFLVSVLSKADFKTQKEAVWAVTNYTSGGTVEQIVYLVHCGIIEPLMNLLTAKDTKIILVILDAISNIFQAAEKLGETEKLSIMIEECGGLDKIEALQNHENESVYKASLSLIEKYFSVEVRRSKRCTRNYL	IPR047171|IPR047174|IPR051493|IPR050390|IPR045318|IPR026058|IPR045199|IPR052466	-|IPR038028|IPR042294|IPR051356|IPR005033|IPR052466|IPR052406|IPR043451	IPR053082|IPR040159|IPR057259|IPR006794|IPR000196|-|IPR010580|IPR015939	-|IPR055142|IPR026739|IPR028435|IPR004908|IPR002553|IPR040122|IPR040144	Bromodomain adjacent to zinc finger domain protein 1A|Tyrosine-protein kinase BAZ1B|Chromodomain-helicase-DNA-binding|DNA Cytosine-5 Methyltransferase|Histone-lysine N-methyltransferase EZH1/2-like|LIPIN family|ATPase family AAA domain-containing protein ATAD2-like|DNA Methylation Protection Complex	-|Nucleosome-remodeling factor subunit BPTF|Histone-lysine N-methyltransferase SETD2, animal|SOX/SOX-like transcription factors|YEATS|DNA Methylation Protection Complex|Chromatin Remodeling Complex Component|Myocardin-like	Nuclear GTPase SLIP-GC|Suppressor of hairless-like|Ribosomal protein L19e, N-terminal domain|Transcriptional activator, Zfx/Zfy domain|Large ribosomal subunit protein eL19 domain|-|Stress-associated endoplasmic reticulum protein|Fumarate reductase/succinate dehydrogenase flavoprotein-like, C-terminal	-|Protein zer-1 homolog-like, C-terminal domain|AP complex subunit beta|Plakophilin/Delta catenin|ATPase, V1 complex, subunit H|Clathrin/coatomer adaptor, adaptin-like, N-terminal|Importin beta family|Rap1 GTPase-GDP dissociation stimulator 1	0	0	0	0	0	0	0	0	0	0	0	0	0	0	0	1	1	0	0	0	0	0	0	0	ENSG00000171634	ENSG00000182481	ENST00000306378	67825503			0	true	2	true	false	true	1	1
MTCH2	MED15	11	22	47635562	20500746	-	-	-	+	translocation/5'-5'	CDS	5'UTR	ENST00000302503	.	.	40	ENSP00000303222		MADAASQVLLGSGLTILSQPLMYVKVLIQVGYEPLPPTIGRNIFGRQVCQLPGLFSYAQHIASIDGRRGLFTGLTPRLCSGVLGTVVHGKVLQHYQE	SDKGEELGPGNVQKEVSSSFDHVIKETTREMIARSAATLITHPFHVITLRSMVQFIGRESKYCGLCDSIITIYREEGILGFFAGLVPRLLGDILSLWLCNSLAYLVNTYALDSGVSTMNEMKSYSQAVTGFFASMLTYPFVLVSNLMAVNNCGLAGGCPPYSPIYTSWIDCWCMLQKEGNMSRGNSLFFRKVPFGKTYCCDLKMLI	.	.	IPR015925|IPR051869|IPR038752|IPR045036|IPR051066|IPR033227|IPR026209|IPR043566	IPR051838|-|IPR037692|IPR042834|IPR043458|IPR033351|IPR042986|IPR052583	IPR048452|IPR000354|IPR009443|IPR000684|IPR026086|IPR049367|IPR048893|-	IPR000684|IPR049147|IPR026737|IPR050998|IPR025799|IPR008814|IPR008853|IPR026058	Ryanodine/Inositol 1,4,5-trisphosphate receptor|StAR-related Lipid Transfer (STARD3)|IQ domain-containing protein H|Spartin-like|Transcriptional Regulator and Corepressor|Calcium-dependent secretion activator|Wolframin family|Rabphilin/Doc2/Noc2	Intracellular mono-ADP-ribosyltransferase ARTD/PARP|-|Centrosomal protein of 70kDa|Armadillo repeat-containing protein 12|G-protein coupled receptor 158/179|Centrosomal protein POC5|Pleckstrin homology domain-containing family S member 1|ATP-dependent Helicase/E3 Ubiquitin Ligase	Mastermind-like protein 2, transcriptional activation domain|Involucrin repeat|Nuclear pore complex interacting protein|RNA polymerase II, heptapeptide repeat, eukaryotic|Proline-rich protein|Testis-expressed protein 13C/D, MVPLGDSxSHS repeat|Nuclear pore complex-interacting protein B13-like, MII repeat|-	RNA polymerase II, heptapeptide repeat, eukaryotic|FAM186A, PQQAQ repeat|Golgin subfamily A member 6-like|Forkhead box protein P|Protein arginine N-methyltransferase|Dolichyl-diphosphooligosaccharide--protein glycosyltransferase subunit Swp1|TMEM9/TMEM9B|LIPIN family	0	0	0	1	0	0	0	0	0	0	0	0	0	0	0	1	0	0	0	0	0	0	0	0	ENSG00000109919		ENST00000302503	47642559			0	true		false	false	false	2	2
SHLD2P1	RNLS	10	10	46622494	88529189	.	.	-	-	duplication	intron	intron	.	.	.	41			.	.	.	.	IPR049147|IPR000684|IPR025799|IPR026737|IPR050998|IPR008814|IPR026058|IPR008853	IPR049147|IPR000684|IPR025799|IPR026737|IPR050998|IPR008814|IPR026058|IPR008853	IPR048452|IPR000354|IPR009443|IPR000684|IPR026086|IPR049367|IPR048893|-	IPR000684|IPR049147|IPR026737|IPR050998|IPR025799|IPR008814|IPR008853|IPR026058	FAM186A, PQQAQ repeat|RNA polymerase II, heptapeptide repeat, eukaryotic|Protein arginine N-methyltransferase|Golgin subfamily A member 6-like|Forkhead box protein P|Dolichyl-diphosphooligosaccharide--protein glycosyltransferase subunit Swp1|LIPIN family|TMEM9/TMEM9B	FAM186A, PQQAQ repeat|RNA polymerase II, heptapeptide repeat, eukaryotic|Protein arginine N-methyltransferase|Golgin subfamily A member 6-like|Forkhead box protein P|Dolichyl-diphosphooligosaccharide--protein glycosyltransferase subunit Swp1|LIPIN family|TMEM9/TMEM9B	Mastermind-like protein 2, transcriptional activation domain|Involucrin repeat|Nuclear pore complex interacting protein|RNA polymerase II, heptapeptide repeat, eukaryotic|Proline-rich protein|Testis-expressed protein 13C/D, MVPLGDSxSHS repeat|Nuclear pore complex-interacting protein B13-like, MII repeat|-	RNA polymerase II, heptapeptide repeat, eukaryotic|FAM186A, PQQAQ repeat|Golgin subfamily A member 6-like|Forkhead box protein P|Protein arginine N-methyltransferase|Dolichyl-diphosphooligosaccharide--protein glycosyltransferase subunit Swp1|TMEM9/TMEM9B|LIPIN family	0	0	2	2	0	0	0	0	0	0	0	0	0	0	0	0	0	0	0	0	0	0	0	0								false		false	false	false	2	2
CA2	SLC6A17	8	1	85465369	110181505	+	-	+	+	translocation/5'-5'	CDS	intron	ENST00000285379	.	.	42	ENSP00000285379		MSHHWGYGKHNGPEHWHKDFPIAKGERQSPVDIDTHTAKYDPSL	KPLSVSYDQATSLRILNNGHAFNVEFDDSQDKAVLKGGPLDGTYRLIQFHFHWGSLDGQGSEHTVDKKKYAAELHLVHWNTKYGDFGKAVQQPDGLAVLGIFLKVGSAKPGLQKVVDVLDSIKTKGKSADFTNFDPRGLLPESLDYWTYPGSLTTPPLLECVTWIVLKEPISVSSEQVLKFRKLNFNGEGEPEELMVDNWRPAQPLKNRQIKASFK	.	.	IPR050615|IPR006615|IPR014836|IPR055400|IPR052252|IPR001346|IPR040552|IPR032569	-|IPR010347|IPR050548|IPR050390|IPR050540|IPR045109|IPR000648|IPR051101	IPR048452|IPR000354|IPR009443|IPR000684|IPR026086|IPR049367|IPR048893|-	IPR000684|IPR049147|IPR026737|IPR050998|IPR025799|IPR008814|IPR008853|IPR026058	ATP-dependent DNA Helicase|Peptidase C19, ubiquitin-specific peptidase, DUSP domain|Integrin beta subunit, cytoplasmic domain|CEMIP, domain X|Cell surface hyaluronidase CEMIP/CEMIP2|Interferon regulatory factor, DNA-binding domain|DNMT3, cysteine rich ADD domain, GATA1-like zinc finger|Nucleophosmin, C-terminal	-|Tyrosyl-DNA phosphodiesterase I|Polycomb group and chromatin remodeling factors|DNA Cytosine-5 Methyltransferase|F-actin Monooxygenase Mical|Lysine-specific demethylase LSDs-like|Oxysterol-binding protein|ZC3H12/N4BP1 Ribonuclease and Regulator	Mastermind-like protein 2, transcriptional activation domain|Involucrin repeat|Nuclear pore complex interacting protein|RNA polymerase II, heptapeptide repeat, eukaryotic|Proline-rich protein|Testis-expressed protein 13C/D, MVPLGDSxSHS repeat|Nuclear pore complex-interacting protein B13-like, MII repeat|-	RNA polymerase II, heptapeptide repeat, eukaryotic|FAM186A, PQQAQ repeat|Golgin subfamily A member 6-like|Forkhead box protein P|Protein arginine N-methyltransferase|Dolichyl-diphosphooligosaccharide--protein glycosyltransferase subunit Swp1|TMEM9/TMEM9B|LIPIN family	0	0	0	1	0	0	0	0	0	0	0	0	0	0	0	1	0	0	0	0	0	0	0	0	ENSG00000104267		ENST00000285379	85464007			2	true		false	false	false	2	2
ZNF586	AC010522.1	19	19	57809656	57839916	+	+	+	+	deletion/read-through	intron	intron	.	.	.	43			.	.	.	.	IPR049147|IPR000684|IPR025799|IPR026737|IPR050998|IPR008814|IPR026058|IPR008853	IPR049147|IPR000684|IPR025799|IPR026737|IPR050998|IPR008814|IPR026058|IPR008853	IPR048452|IPR000354|IPR009443|IPR000684|IPR026086|IPR049367|IPR048893|-	IPR000684|IPR049147|IPR026737|IPR050998|IPR025799|IPR008814|IPR008853|IPR026058	FAM186A, PQQAQ repeat|RNA polymerase II, heptapeptide repeat, eukaryotic|Protein arginine N-methyltransferase|Golgin subfamily A member 6-like|Forkhead box protein P|Dolichyl-diphosphooligosaccharide--protein glycosyltransferase subunit Swp1|LIPIN family|TMEM9/TMEM9B	FAM186A, PQQAQ repeat|RNA polymerase II, heptapeptide repeat, eukaryotic|Protein arginine N-methyltransferase|Golgin subfamily A member 6-like|Forkhead box protein P|Dolichyl-diphosphooligosaccharide--protein glycosyltransferase subunit Swp1|LIPIN family|TMEM9/TMEM9B	Mastermind-like protein 2, transcriptional activation domain|Involucrin repeat|Nuclear pore complex interacting protein|RNA polymerase II, heptapeptide repeat, eukaryotic|Proline-rich protein|Testis-expressed protein 13C/D, MVPLGDSxSHS repeat|Nuclear pore complex-interacting protein B13-like, MII repeat|-	RNA polymerase II, heptapeptide repeat, eukaryotic|FAM186A, PQQAQ repeat|Golgin subfamily A member 6-like|Forkhead box protein P|Protein arginine N-methyltransferase|Dolichyl-diphosphooligosaccharide--protein glycosyltransferase subunit Swp1|TMEM9/TMEM9B|LIPIN family	0	0	0	0	0	0	0	0	0	0	0	0	0	0	0	0	0	0	0	0	0	0	0	0								false		false	false	false	2	2
ZNF586	AC010522.1	19	19	57769878	57856107	+	+	+	+	deletion/read-through	CDS/splice-site	CDS/splice-site	ENST00000599802	ENST00000603271	in-frame	44	ENSP00000472972	ENSP00000473738	MAAAAALRAPAQ	MHLWVAPSLQP	MAAAAPRRPTQG	TVTFEDVAVNFSQEEWCLLSEAQRCLYRDVMLENLALISSLGCWCGSKDEEAPCKQRISVQRESQSRTPRAGVSPKKAHPCEMCGLILEDVFHFADHQETHHKQKLNRSGACGKNLDDTA	IPR000225|IPR000408|IPR014837|-|IPR005615|IPR006594|IPR041611|IPR002110	IPR012510|IPR018487|IPR037626|IPR013087|IPR024131|IPR007886|IPR006626|IPR055107	IPR002110|-|IPR001680|IPR010736|IPR003893|IPR002579|IPR012510|IPR050668	IPR050169|IPR004918|IPR003574|IPR040126|IPR012476|IPR042621|IPR057347|IPR022082	Armadillo|Regulator of chromosome condensation, RCC1|EF-hand, Ca insensitive|-|Glutathione synthase|LIS1 homology motif|SKICH domain|Ankyrin repeat	Actin-binding, Xin repeat|Hemopexin-like repeats|Nucleoporin Nup37|Zinc finger C2H2-type|Uncharacterised protein family UPF0489|Alanine dehydrogenase/pyridine nucleotide transhydrogenase, N-terminal|Parallel beta-helix repeat|Mediator of RNA polymerase II transcription subunit 14, RM8	Ankyrin repeat|-|WD40 repeat|Sperm-tail PG-rich repeat|Iroquois-class homeodomain protein|Peptide methionine sulphoxide reductase MrsB domain|Actin-binding, Xin repeat|Cytochrome b5	Krueppel C2H2-type zinc-finger|Cdc37|Interleukin-6-like|Storkhead-box protein 1/2|mRNA export factor GLE1-like|Tetratricopeptide repeat protein TTC23/TTC23L|TANGO6, N-terminal domain|Noelin domain	0	0	0	0	0	0	0	0	0	0	0	0	0	0	0	1	0	0	0	0	0	1	0	0	ENSG00000083828	ENSG00000268750					2	true	0	true	false	true	1	1
PTDSS1	TMTC1(158268),AC023511.3(143315)	8	12	96306478	29943027	+	-	+	.	translocation	CDS	intergenic	ENST00000517309	.	.	45	ENSP00000430548		MASCVGSRTLSKDDVNYKMHFRMINEQQVEDITIDFFYRPHTITLLSFTIVSLMYFAFTRDDSVPEDNIWRGILSVIFFFLIISVLAFPNGPFTRPHPALWRMVFGLSVLYFLFLVFLLFLNFEQVKSLMYWLDPNLRYATREADVMEYAVNCHVITWERIISHFDIFAFGHFWGWAMKALLIRSYGLCWTISITWELTELFFMHLLPNFAECWWDQVILDILLCNGGGIWLGMVVCRFLEMRTYHWASFKDIHTTTGKIKRAVLQFTPASWTYVRWFDPKSSFQRVAGVYLFMIIWQLTELNTFFLKHI	FVFQASHPLSWGRILFIGGITAPTVRQYYAYLTDTQCKRVGTQCWVFGVIGFLEAIVCIKFGQDLFSKTQILYVVLWLLCVAFTTFLCLYGMIWYAEHYGHREKTYSECEDGTYSPEISWHHRKGTKGSEDSPPKHAGNNESHSSRRRNRHSKSKVTNGVGKK	.	.	IPR007311|IPR016720|IPR025958|-|IPR007143|IPR006769|IPR015925|IPR026791	IPR019130|IPR019395|IPR013585|IPR019176|IPR055310|IPR039662|IPR013874|IPR021861	IPR048452|IPR000354|IPR009443|IPR000684|IPR026086|IPR049367|IPR048893|-	IPR000684|IPR049147|IPR026737|IPR050998|IPR025799|IPR008814|IPR008853|IPR026058	ST7|Phosphatidate cytidylyltransferase, eukaryota|SID1 transmembrane family|-|Vacuolar protein sorting-associated Vps28|Calcium uniporter protein, C-terminal|Ryanodine/Inositol 1,4,5-trisphosphate receptor|Dedicator of cytokinesis	Macoilin|Transmembrane protein 161A/B|Protocadherin|Cytochrome B561-related|Centrosomal protein of 112 kDa|Cohesin subunit Scc3/SA|Cdc37, Hsp90 binding|THO complex, subunit THOC1	Mastermind-like protein 2, transcriptional activation domain|Involucrin repeat|Nuclear pore complex interacting protein|RNA polymerase II, heptapeptide repeat, eukaryotic|Proline-rich protein|Testis-expressed protein 13C/D, MVPLGDSxSHS repeat|Nuclear pore complex-interacting protein B13-like, MII repeat|-	RNA polymerase II, heptapeptide repeat, eukaryotic|FAM186A, PQQAQ repeat|Golgin subfamily A member 6-like|Forkhead box protein P|Protein arginine N-methyltransferase|Dolichyl-diphosphooligosaccharide--protein glycosyltransferase subunit Swp1|TMEM9/TMEM9B|LIPIN family	0	0	0	1	0	0	0	0	0	0	0	0	0	0	0	1	0	0	0	0	0	0	0	0	ENSG00000156471		ENST00000517309	96261902			1	true		false	false	false	2	2
ZNF790-AS1	LINC01535	19	19	36801890	37262604	+	+	+	+	deletion	exon	exon	ENST00000657461	ENST00000591116	.	46			.	.	.	.	IPR049147|IPR000684|IPR025799|IPR026737|IPR050998|IPR008814|IPR026058|IPR008853	IPR049147|IPR000684|IPR025799|IPR026737|IPR050998|IPR008814|IPR026058|IPR008853	IPR048452|IPR000354|IPR009443|IPR000684|IPR026086|IPR049367|IPR048893|-	IPR000684|IPR049147|IPR026737|IPR050998|IPR025799|IPR008814|IPR008853|IPR026058	FAM186A, PQQAQ repeat|RNA polymerase II, heptapeptide repeat, eukaryotic|Protein arginine N-methyltransferase|Golgin subfamily A member 6-like|Forkhead box protein P|Dolichyl-diphosphooligosaccharide--protein glycosyltransferase subunit Swp1|LIPIN family|TMEM9/TMEM9B	FAM186A, PQQAQ repeat|RNA polymerase II, heptapeptide repeat, eukaryotic|Protein arginine N-methyltransferase|Golgin subfamily A member 6-like|Forkhead box protein P|Dolichyl-diphosphooligosaccharide--protein glycosyltransferase subunit Swp1|LIPIN family|TMEM9/TMEM9B	Mastermind-like protein 2, transcriptional activation domain|Involucrin repeat|Nuclear pore complex interacting protein|RNA polymerase II, heptapeptide repeat, eukaryotic|Proline-rich protein|Testis-expressed protein 13C/D, MVPLGDSxSHS repeat|Nuclear pore complex-interacting protein B13-like, MII repeat|-	RNA polymerase II, heptapeptide repeat, eukaryotic|FAM186A, PQQAQ repeat|Golgin subfamily A member 6-like|Forkhead box protein P|Protein arginine N-methyltransferase|Dolichyl-diphosphooligosaccharide--protein glycosyltransferase subunit Swp1|TMEM9/TMEM9B|LIPIN family	0	0	0	0	0	0	0	0	0	0	0	0	0	0	0	0	0	0	0	0	0	0	0	0	ENSG00000267254	ENSG00000226686						false		false	false	false	2	2
YBX1P10	NCOA5	9	20	35971413	46068293	-	-	-	-	translocation	exon	intron	ENST00000444752	.	.	47			.	.	.	.	IPR049147|IPR000684|IPR025799|IPR026737|IPR050998|IPR008814|IPR026058|IPR008853	IPR049147|IPR000684|IPR025799|IPR026737|IPR050998|IPR008814|IPR026058|IPR008853	IPR048452|IPR000354|IPR009443|IPR000684|IPR026086|IPR049367|IPR048893|-	IPR000684|IPR049147|IPR026737|IPR050998|IPR025799|IPR008814|IPR008853|IPR026058	FAM186A, PQQAQ repeat|RNA polymerase II, heptapeptide repeat, eukaryotic|Protein arginine N-methyltransferase|Golgin subfamily A member 6-like|Forkhead box protein P|Dolichyl-diphosphooligosaccharide--protein glycosyltransferase subunit Swp1|LIPIN family|TMEM9/TMEM9B	FAM186A, PQQAQ repeat|RNA polymerase II, heptapeptide repeat, eukaryotic|Protein arginine N-methyltransferase|Golgin subfamily A member 6-like|Forkhead box protein P|Dolichyl-diphosphooligosaccharide--protein glycosyltransferase subunit Swp1|LIPIN family|TMEM9/TMEM9B	Mastermind-like protein 2, transcriptional activation domain|Involucrin repeat|Nuclear pore complex interacting protein|RNA polymerase II, heptapeptide repeat, eukaryotic|Proline-rich protein|Testis-expressed protein 13C/D, MVPLGDSxSHS repeat|Nuclear pore complex-interacting protein B13-like, MII repeat|-	RNA polymerase II, heptapeptide repeat, eukaryotic|FAM186A, PQQAQ repeat|Golgin subfamily A member 6-like|Forkhead box protein P|Protein arginine N-methyltransferase|Dolichyl-diphosphooligosaccharide--protein glycosyltransferase subunit Swp1|TMEM9/TMEM9B|LIPIN family	0	0	0	0	0	0	0	0	0	0	0	0	0	0	0	0	0	0	0	0	0	0	0	0	ENSG00000213866							false		false	false	false	2	2
COX7A2L	KCNG3	2	2	42405687	42446423	.	.	-	-	deletion/read-through	intron	intron	.	.	.	48			.	.	.	.	IPR049147|IPR000684|IPR025799|IPR026737|IPR050998|IPR008814|IPR026058|IPR008853	IPR049147|IPR000684|IPR025799|IPR026737|IPR050998|IPR008814|IPR026058|IPR008853	IPR048452|IPR000354|IPR009443|IPR000684|IPR026086|IPR049367|IPR048893|-	IPR000684|IPR049147|IPR026737|IPR050998|IPR025799|IPR008814|IPR008853|IPR026058	FAM186A, PQQAQ repeat|RNA polymerase II, heptapeptide repeat, eukaryotic|Protein arginine N-methyltransferase|Golgin subfamily A member 6-like|Forkhead box protein P|Dolichyl-diphosphooligosaccharide--protein glycosyltransferase subunit Swp1|LIPIN family|TMEM9/TMEM9B	FAM186A, PQQAQ repeat|RNA polymerase II, heptapeptide repeat, eukaryotic|Protein arginine N-methyltransferase|Golgin subfamily A member 6-like|Forkhead box protein P|Dolichyl-diphosphooligosaccharide--protein glycosyltransferase subunit Swp1|LIPIN family|TMEM9/TMEM9B	Mastermind-like protein 2, transcriptional activation domain|Involucrin repeat|Nuclear pore complex interacting protein|RNA polymerase II, heptapeptide repeat, eukaryotic|Proline-rich protein|Testis-expressed protein 13C/D, MVPLGDSxSHS repeat|Nuclear pore complex-interacting protein B13-like, MII repeat|-	RNA polymerase II, heptapeptide repeat, eukaryotic|FAM186A, PQQAQ repeat|Golgin subfamily A member 6-like|Forkhead box protein P|Protein arginine N-methyltransferase|Dolichyl-diphosphooligosaccharide--protein glycosyltransferase subunit Swp1|TMEM9/TMEM9B|LIPIN family	0	0	2	2	0	0	0	0	0	0	0	0	0	0	0	0	0	0	0	0	0	0	0	0								false		false	false	false	2	2
