gene1	gene2	chromosome1	chromosome2	breakpoint1	breakpoint2	fusion_strand1	fusion_strand2	gene_strand1	gene_strand2	type	site1	site2	transcript_id1	transcript_id2	reading_frame	id	protein_id	protein_id_right	retained_peptide1	lost_peptide1	retained_peptide2	lost_peptide2	retained_domains1	lost_domains1	retained_domains2	lost_domains2	retained_domain_names1	lost_domain_names1	retained_domain_names2	lost_domain_names2	mean_retained1	mean_lost1	median_retained1	median_lost1	coverage1	mean_retained2	mean_lost2	median_retained2	median_lost2	coverage2	same_gene_fusion	same_gene_fusion_lost_dom	wrong_tr_dir_5p	wrong_tr_dir_3p	out_of_frame	lost_kinases_key_doms1	lost_kinases_key_doms2	lost_ts_key_doms1	lost_ts_key_doms2	lost_cancer_key_doms1	lost_cancer_key_doms2	lost_actionable_key_doms1	lost_actionable_key_doms2	lost_druggable_key_doms1	lost_druggable_key_doms2	truncated_5p	truncated_3p	promoter_hijacking_500	promoter_hijacking_1000	retained_5_p_utr1	retained_3_p_utr1	retained_5_p_utr2	retained_3_p_utr2	read_through	gene_id1	gene_id2	mane1	mane_tss1	mane2	mane_tss2	frame1	coding_bp1	frame2	coding_bp2	in_frame	out_of_frame_pair	out_of_frame1	out_of_frame2	read_through_loose	promoter_hijacking_prom	promoter_hijacking_utr	promoter_hijacking	true_fusion_1.5	true_fusion_1.6	true_fusion_1.8	true_fusion_2.0	true_fusion_2.5	true_fusion_3.0	driver_score
BSG	NFIX	19	19	580782	13025021	+	+	+	+	deletion	CDS/splice-site	CDS/splice-site	ENST00000545507	ENST00000592199	in-frame	1	ENSP00000473664	ENSP00000467512	MGTANIQLHGPPRVKAVKSSEHINEGETAMLVCKSESVPPVTDWAWYKITDSEDK	ALMNGSESRFFVSSSQGRSELHIENLNMEADPGQYRCNGTSSKGSDQAIITLRVRSHLAALWPFLGIVAEVLVLVTIIFIYEKRRKPEDVLDDDDAGSAPLKSSGQHQNDKGKNVRQRNSS	MYSPYCLTQD	EFHPFIEALLPHVRAFSYTWFNLQARKRKYFKKHEKRMSKDEERAVKDELLGEKPEIKQKWASRLLAKLRKDIRPEFREDFVLTITGKKPPCCVLSNPDQKGKIRRIDCLRQADKVWRLDLVMVILFKGIPLESTDGERLYKSPQCSNPGLCVQPHHIGVTIKELDLYLAYFVHTPESGQSDSSNQQGDADIKPLPNGHLSFQDCFVTSGVWNVTELVRVSQTPVATASGPNFSLADLESPSYYNINQVTLGRRSITSPPSTSTTKRPKSIDDSEMESPVDDVFYPGTGRSPAAGSSQSSGWPNDVDAGPASLKKSGKLDFCSALSSQGSSPRMAFTHHPLPVLAGVRPGSPRATASALHFPSTSIIQQSSPYFTHPTIRYHHHHGQDSLKEFVQFVCSDGSGQATGQPNGSGQGKVPGSFLLPPPPPVARPVPLPMPDSKSTSTAPDGAALTPPSPSFATTGASSANRFVSIGPRDGNFLNIPQQSQSWFL	IPR056564|IPR009038|IPR026170|IPR000608|IPR035247|IPR051170|IPR025799|IPR010294	IPR042315|IPR019394|IPR013284|IPR013836|IPR045575|IPR008853|IPR037608|IPR050774	IPR013087|IPR037626|IPR001680|IPR002048|IPR024131|IPR011598|IPR018487|IPR007886	IPR000647|IPR052771|IPR026058|IPR042345|IPR035426|IPR004979|-|IPR013790	KY-like, immunoglobulin-like domain|GOLD domain|N-lysine methyltransferase FAM173A/B|Ubiquitin-conjugating enzyme E2, catalytic core domain|PRMT5, TIM barrel domain|Neural and epithelial cell adhesion domain-containing protein|Protein arginine N-methyltransferase|ADAMTS/ADAMTS-like, Spacer 1	RELT-like protein 1|Testis-specific protein TEX28/transmembrane and coiled-coil domains protein|Beta-catenin|CD34/Podocalyxin|Astrotactin-1/2, N-terminal|TMEM9/TMEM9B|Stromal interaction molecule|KCMF1 and Dystrophin	Zinc finger C2H2-type|Nucleoporin Nup37|WD40 repeat|EF-hand domain|Uncharacterised protein family UPF0489|Myc-type, basic helix-loop-helix (bHLH) domain|Hemopexin-like repeats|Alanine dehydrogenase/pyridine nucleotide transhydrogenase, N-terminal	CTF transcription factor/nuclear factor 1|Neurotrophin-activated signaling adaptor|LIPIN family|BTB/POZ domain-containing protein 7|Gemin2/Brr1|Transcription factor AP-2|-|Dwarfin											0	0	0	0	0	0	0	0	0	0	0	0	0	0	0	1	1	0	0	0	0	0	0	0	ENSG00000172270	ENSG00000008441			ENST00000592199	12995475	2	true	0	true	false	true	1	1	0	0	0	0	0	0	0	0	0	0	0.058059443
BRWD1	TEKT4P2	21	21	39293811	9077714	-	-	-	-	deletion	CDS/splice-site	intron	ENST00000333229	.	out-of-frame	2	ENSP00000330753		MAEPSSARRPVPLIESELYFLIARYLSAGPCRRAAQVLVQELEQYQLLPKRLDWEGNEHNRSYEELVLSNKHVAPDHLLQICQRIGPMLDKEIPPSISRVTSLLGAGRQSLLRTAKDCRHTVWKGSAFAALHRGRPPEMPVNYGSPPNLVEIHRGKQLTGCSTFSTAFPGTMYQHIKMHRRILGHLSAVYCVAFDRTGHRIFTGSDDCLVKIWSTHNGRLLSTLRGHSAEISDMAVNYENTMIAAGSCDKIIRVWCLRTCAPVAVLQGHTGSITSLQ	FSPMAKGSQRYMVSTGADGTVCFWQWDLESLKFSPRPLKFTEKPRPGVQMLCSSFSVGGMFLATGSTDHVIRMYFLGFEAPEKIAELESHTDKVDSIQFCNNGDRFLSGSRDGTARIWRFEQLEWRSILLDMATRISGDLSSEEERFMKPKVTMIAWNQNDSIVVTAVNDHVLKVWNSYTGQLLHNLMGHADEVFVLETHPFDSRIMLSAGHDGSIFIWDITKGTKMKHYFNMIEGQGHGAVFDCKFSQDGQHFACTDSHGHLLIFGFGCSKPYEKIPDQMFFHTDYRPLIRDSNNYVLDEQTQQAPHLMPPPFLVDVDGNPHPTKYQRLVPGRENSADEHLIPQLGYVATSDGEVIEQIISLQTNDNDERSPESSILDGMIRQLQQQQDQRMGADQDTIPRGLSNGEETPRRGFRRLSLDIQSPPNIGLRRSGQVEGVRQMHQNAPRSQIATERDLQAWKRRVVVPEVPLGIFRKLEDFRLEKGEEERNLYIIGRKRKTLQLSHKSDSVVLVSQSRQRTCRRKYPNYGRRNRSWRELSSGNESSSSVRHETSCDQSEGSGSSEEDEWRSDRKSESYSESSSDSSSRYSDWTADAGINLQPPLRTSCRRRITRFCSSSEDEISTENLSPPKRRRKRKKENKPKKENLRRMTPAELANMEHLYEFHPPVWITDTTLRKSPFVPQMGDEVIYFRQGHEAYIEAVRRNNIYELNPNKEPWRKMDLRDQELVKIVGIRYEVGPPTLCCLKLAFIDPATGKLMDKSFSIRYHDMPDVIDFLVLRQFYDEARQRNWQSCDRFRSIIDDAWWFGTVLSQEPYQPQYPDSHFQCYIVRWDNTEIEKLSPWDMEPIPDNVDPPEELGASISVTTDELEKLLYKPQAGEWGQKSRDEECDRIISGIDQLLNLDIAAAFAGPVDLCTYPKYCTVVAYPTDLYTIRMRLVNRFYRRLSALVWEVRYIEHNARTFNEPESVIARSAKKITDQLLKFIKNQHCTNISELSNTSENDEQNAEDLDDSDLPKTSSGRRRVHDGKKSIRATNYVESNWKKQCKELVNLIFQCEDSEPFRQPVDLVEYPDYRDIIDTPMDFGTVRETLDAGNYDSPLEFCKDIRLIFSNAKAYTPNKRSKIYSMTLRLSALFEEKMKKISSDFKIGQKFNEKLRRSQRFKQRQNCKGDSQPNKSIRNLKPKRLKSQTKIIPELVGSPTQSTSSRTAYLGTHKTSAGISSGVTSGDSSDSAESSERRKRNRPITNGSTLSESEVEDSLATSLSSSASSSSEESKESSRARESSSRSGLSRSSNLRVTRTRAAQRKTGPVSLANGCGRKATRKRVYLSDSDNNSLETGEILKARAGNNRKVLRKCAAVAANKIKLMSDVEENSSSESVCSGRKLPHRNASAVARKKLLHNSEDEQSLKSEIEEEELKDENQLLPVSSSHTAQSNVDESENRDSESESDLRVARKNWHANGYKSHTPAPSKTKFLKIESSEEDSKSHDSDHACNRTAGPSTSVQKLKAESISEEADSEPGRSGGRKYNTFHKNASFFKKTKILSDSEDSESEEQDREDGKCHKMEMNPISGNLNCDPIAMSQCSSDHGCETDLDSDDDKIEKPNNFMKDSASQDNGLSRKISRKRVCSSDSDSSLQVVKKSSKARTGLLRITRRCAATAANKIKLMSDVEDVSLENVHTRSKNGRKKPLHLACTTAKKKLSDCEGSVHCEVPSEQYACEGKPPDPDSEGSTKVLSQALNGDSDSEDMLNSEHKHRHTNIHKIDAPSKRKSSSVTSSGEDSKSHIPGSETDRTFSSESTLAQKATAENNFEVELNYGLRRWNGRRLRTYGKAPFSKTKVIHDSQETAEKEVKRKRSHPELENVKISETTGNSKFRPDTSSKSSDLGSVTESDIDCTDNTKTKRRKTKGKAKVVRKEFVPRDREPNTKVRTCMHNQKDAVQMPSETLKAKMVPEKVPRRCATVAANKIKIMSNLKETISGPENVWIRKSSRKLPHRNASAAAKKKLLNVYKEDDTTINSESEKELEDINRKMLFLRGFRSWKENAQ	.	.	IPR052060|IPR039360|IPR039164|IPR026791|IPR001666|IPR033270|IPR050517|IPR049567	IPR037830|IPR045199|IPR039977|IPR039883|IPR043563|IPR040263|IPR042622|-	IPR049147|IPR025799|IPR008814|IPR000684|IPR026737|IPR050998|IPR026058|IPR008853	IPR000684|IPR049147|IPR026737|IPR050998|IPR025799|IPR008814|IPR026058|IPR008853	Bromodomain and WD repeat-containing|Ras GTPase-activating protein|E3 ubiquitin-protein ligase UBR1-like|Dedicator of cytokinesis|Phosphatidylinositol transfer protein|VPRBP/DCAF1 family|DNA Damage Response and Repair Kinase|GATOR complex protein WDR59-like	ZZ-type zinc finger-containing protein 3|ATPase family AAA domain-containing protein ATAD2-like|Histone-lysine N-methyltransferase Suv4-20/Set9|Fcf2/DNTTIP2|Nuclear body protein Sp110/Sp140/Sp140L-like|PWWP domain-containing DNA repair factor 3A/3B/4|Zinc finger protein 106|-	FAM186A, PQQAQ repeat|Protein arginine N-methyltransferase|Dolichyl-diphosphooligosaccharide--protein glycosyltransferase subunit Swp1|RNA polymerase II, heptapeptide repeat, eukaryotic|Golgin subfamily A member 6-like|Forkhead box protein P|LIPIN family|TMEM9/TMEM9B	RNA polymerase II, heptapeptide repeat, eukaryotic|FAM186A, PQQAQ repeat|Golgin subfamily A member 6-like|Forkhead box protein P|Protein arginine N-methyltransferase|Dolichyl-diphosphooligosaccharide--protein glycosyltransferase subunit Swp1|LIPIN family|TMEM9/TMEM9B											0	0	0	0	0	0	0	0	0	0	0	0	0	0	0	1	0	0	0	0	0	0	0	0	ENSG00000185658						2	true		false	false	false	2	2	0	0	0	0	0	0	0	0	0	0	0.009433759
NOTCH1	NUP214	9	9	136544024	131187289	-	+	-	+	inversion	CDS/splice-site	CDS/splice-site	ENST00000651671	ENST00000359428	in-frame	3	ENSP00000498587	ENSP00000352400	MPPLLAPLLCLALLPALAARGPRCSQPGETCLNGGKCEAANGTEACV	CGGAFVGPRCQDPNPCLSTPCKNAGTCHVVDRRGVADYACSCALGFSGPLCLTPLDNACLTNPCRNGGTCDLLTLTEYKCRCPPGWSGKSCQQADPCASNPCANGGQCLPFEASYICHCPPSFHGPTCRQDVNECGQKPGLCRHGGTCHNEVGSYRCVCRATHTGPNCERPYVPCSPSPCQNGGTCRPTGDVTHECACLPGFTGQNCEENIDDCPGNNCKNGGACVDGVNTYNCRCPPEWTGQYCTEDVDECQLMPNACQNGGTCHNTHGGYNCVCVNGWTGEDCSENIDDCASAACFHGATCHDRVASFYCECPHGRTGLLCHLNDACISNPCNEGSNCDTNPVNGKAICTCPSGYTGPACSQDVDECSLGANPCEHAGKCINTLGSFECQCLQGYTGPRCEIDVNECVSNPCQNDATCLDQIGEFQCICMPGYEGVHCEVNTDECASSPCLHNGRCLDKINEFQCECPTGFTGHLCQYDVDECASTPCKNGAKCLDGPNTYTCVCTEGYTGTHCEVDIDECDPDPCHYGSCKDGVATFTCLCRPGYTGHHCETNINECSSQPCRHGGTCQDRDNAYLCFCLKGTTGPNCEINLDDCASSPCDSGTCLDKIDGYECACEPGYTGSMCNINIDECAGNPCHNGGTCEDGINGFTCRCPEGYHDPTCLSEVNECNSNPCVHGACRDSLNGYKCDCDPGWSGTNCDINNNECESNPCVNGGTCKDMTSGYVCTCREGFSGPNCQTNINECASNPCLNQGTCIDDVAGYKCNCLLPYTGATCEVVLAPCAPSPCRNGGECRQSEDYESFSCVCPTGWQGQTCEVDINECVLSPCRHGASCQNTHGGYRCHCQAGYSGRNCETDIDDCRPNPCHNGGSCTDGINTAFCDCLPGFRGTFCEEDINECASDPCRNGANCTDCVDSYTCTCPAGFSGIHCENNTPDCTESSCFNGGTCVDGINSFTCLCPPGFTGSYCQHDVNECDSQPCLHGGTCQDGCGSYRCTCPQGYTGPNCQNLVHWCDSSPCKNGGKCWQTHTQYRCECPSGWTGLYCDVPSVSCEVAAQRQGVDVARLCQHGGLCVDAGNTHHCRCQAGYTGSYCEDLVDECSPSPCQNGATCTDYLGGYSCKCVAGYHGVNCSEEIDECLSHPCQNGGTCLDLPNTYKCSCPRGTQGVHCEINVDDCNPPVDPVSRSPKCFNNGTCVDQVGGYSCTCPPGFVGERCEGDVNECLSNPCDARGTQNCVQRVNDFHCECRAGHTGRRCESVINGCKGKPCKNGGTCAVASNTARGFICKCPAGFEGATCENDARTCGSLRCLNGGTCISGPRSPTCLCLGPFTGPECQFPASSPCLGGNPCYNQGTCEPTSESPFYRCLCPAKFNGLLCHILDYSFGGGAGRDIPPPLIEEACELPECQEDAGNKVCSLQCNNHACGWDGGDCSLNFNDPWKNCTQSLQCWKYFSDGHCDSQCNSAGCLFDGFDCQRAEGQCNPLYDQYCKDHFSDGHCDQGCNSAECEWDGLDCAEHVPERLAAGTLVVVVLMPPEQLRNSSFHFLRELSRVLHTNVVFKRDAHGQQMIFPYYGREEELRKHPIKRAAEGWAAPDALLGQVKASLLPGGSEGGRRRRELDPMDVRGSIVYLEIDNRQCVQASSQCFQSATDVAAFLGALASLGSLNIPYKIEAVQSETVEPPPPAQLHFMYVAAAAFVLLFFVGCGVLLSRKRRRQHGQLWFPEGFKVSEASKKKRREPLGEDSVGLKPLKNASDGALMDDNQNEWGDEDLETKKFRFEEPVVLPDLDDQTDHRQWTQQHLDAADLRMSAMAPTPPQGEVDADCMDVNVRGPDGFTPLMIASCSGGGLETGNSEEEEDAPAVISDFIYQGASLHNQTDRTGETALHLAARYSRSDAAKRLLEASADANIQDNMGRTPLHAAVSADAQGVFQILIRNRATDLDARMHDGTTPLILAARLAVEGMLEDLINSHADVNAVDDLGKSALHWAAAVNNVDAAVVLLKNGANKDMQNNREETPLFLAAREGSYETAKVLLDHFANRDITDHMDRLPRDIAQERMHHDIVRLLDEYNLVRSPQLHGAPLGGTPTLSPPLCSPNGYLGSLKPGVQGKKVRKPSSKGLACGSKEAKDLKARRKKSQDGKGCLLDSSGMLSPVDSLESPHGYLSDVASPPLLPSPFQQSPSVPLNHLPGMPDTHLGIGHLNVAAKPEMAALGGGGRLAFETGPPRLSHLPVASGTSTVLGSSSGGALNFTVGGSTSLNGQCEWLSRLQSGMVPNQYNPLRGSVAPGPLSTQAPSLQHGMVGPLHSSLAASALSQMMSYQGLPSTRLATQPHLVQTQQVQPQNLQMQQQNLQPANIQQQQSLQPPPPPPQPHLGVSSAASGHLGRSFLSGEPSQADVQPLGPSSLAVHTILPQESPALPTSLPSSLVPPVTAAQFLTPPSQHSYSSPVDNTPSHQLQVPEHPFLTPSPESPDQWSSSSPHSNVSDWSEGVSSPPTSMQSQIARIPEAFK	MGDEMDAMIPEREMKDFQFRALKKVRIFDSPEELPKERSSLLAVSNKYGLVFAGGASGLQIFPTKNLLIQNKPGDDPNKIVDKVQGLLVPMKFPIHHLALSCDNLTLSACMMSSEYGSIIAFFDVRTFSNEAKQQKRPFAYHKLLKDAGGMVIDMKWNPTVPSMVAVCLADGSIAVLQVTETVKVCATLPSTVAVTSVCWSPKGKQLAVGKQNGTVVQYLPTLQEKKVIPCPPFYESDHPVRVLDVLWIGTYVFAIVYAAADGTLETSPDVVMALLPKKEEKHPEIFVNFMEPCYGSCTERQHHYYLSYIEEWDLVLAASAASTEVSILARQSDQINWESWLLEDSSRAELPVTDKSDDSLPMGVVVDYTNQVEITISDEKTLPPAPVLMLLSTDGVLCPFYMINQNPGVKSLIKTPERLSLEGERQPKSPGSTPTTPTSSQAPQKLDASAAAAPASLPPSSPAAPIATFSLLPAGGAPTVFSFGSSSLKSSATVTGEPPSYSSGSDSSKAAPGPGPSTFSFVPPSKASLAPTPAASPVAPSAASFSFGSSGFKPTLESTPVPSVSAPNIAMKPSFPPSTSAVKVNLSEKFTAAATSTPVSSSQSAPPMSPFSSASKPAASGPLSHPTPLSAPPSSVPLKSSVLPSPSGRSAQGSSSPVPSMVQKSPRITPPAAKPGSPQAKSLQPAVAEKQGHQWKDSDPVMAGIGEEIAHFQKELEELKARTSKACFQVGTSEEMKMLRTESDDLHTFLLEIKETTESLHGDISSLKTTLLEGFAGVEEAREQNERNRDSGYLHLLYKRPLDPKSEAQLQEIRRLHQYVKFAVQDVNDVLDLEWDQHLEQKKKQRHLLVPERETLFNTLANNREIINQQRKRLNHLVDSLQQLRLYKQTSLWSLSSAVPSQSSIHSFDSDLESLCNALLKTTIESHTKSLPKVPAKLSPMKQAQLRNFLAKRKTPPVRSTAPASLSRSAFLSQRYYEDLDEVSSTSSVSQSLESEDARTSCKDDEAVVQAPRHAPVVRTPSIQPSLLPHAAPFAKSHLVHGSSPGVMGTSVATSASKIIPQGADSTMLATKTVKHGAPSPSHPISAPQAAAAAALRRQMASQAPAVNTLTESTLKNVPQVVNVQELKNNPATPSTAMG	SSVPYSTAKTPHPVLTPVAANQAKQGSLINSLKPSGPTPASGQLSSGDKASGTAKIETAVTSTPSASGQFSKPFSFSPSGTGFNFGIITPTPSSNFTAAQGATPSTKESSQPDAFSSGGGSKPSYEAIPESSPPSGITSASNTTPGEPAASSSRPVAPSGTALSTTSSKLETPPSKLGELLFPSSLAGETLGSFSGLRVGQADDSTKPTNKASSTSLTSTQPTKTSGVPSGFNFTAPPVLGKHTEPPVTSSATTTSVAPPAATSTSSTAVFGSLPVTSAGSSGVISFGGTSLSAGKTSFSFGSQQTNSTVPPSAPPPTTAATPLPTSFPTLSFGSLLSSATTPSLPMSAGRSTEEATSSALPEKPGDSEVSASAASLLEEQQSAQLPQAPPQTSDSVKKEPVLAQPAVSNSGTAASSTSLVALSAEATPATTGVPDARTEAVPPASSFSVPGQTAVTAAAISSAGPVAVETSSTPIASSTTSIVAPGPSAEAAAFGTVTSGSSVFAQPPAASSSSAFNQLTNNTATAPSATPVFGQVAASTAPSLFGQQTGSTASTAAATPQVSSSGFSSPAFGTTAPGVFGQTTFGQASVFGQSASSAASVFSFSQPGFSSVPAFGQPASSTPTSTSGSVFGAASSTSSSSSFSFGQSSPNTGGGLFGQSNAPAFGQSPGFGQGGSVFGGTSAATTTAATSGFSFCQASGFGSSNTGSVFGQAASTGGIVFGQQSSSSSGSVFGSGNTGRGGGFFSGLGGKPSQDAANKNPFSSASGGFGSTATSNTSNLFGNSGAKTFGGFASSSFGEQKPTGTFSSGGGSVASQGFGFSSPNKTGGFGAAPVFGSPPTFGGSPGFGGVPAFGSAPAFTSPLGSTGGKVFGEGTAAASAGGFGFGSSSNTTSFGTLASQNAPTFGSLSQQTSGFGTQSSGFSGFGSGTGGFSFGSNNSSVQGFGGWRS	IPR001102|IPR005615|IPR010294|IPR015812|IPR019734|IPR002048|IPR015359|IPR006597	IPR051355|-|IPR039808|IPR051830|IPR052071|IPR043550|IPR050310|IPR051022	IPR026054|IPR045152|-|IPR045107|IPR052828|IPR051630|IPR047163|IPR050889	IPR026054|IPR031908|-|IPR042616|IPR051767|IPR018892|IPR052248|IPR013913	Transglutaminase, N-terminal|Glutathione synthase|ADAMTS/ADAMTS-like, Spacer 1|Integrin beta subunit|Tetratricopeptide repeat|EF-hand domain|Phosphoinositide-specific phospholipase C, EF-hand-like domain|Sel1-like repeat	Notch and Slit guidance protein|-|Cadherin|Neurogenic locus notch homolog|Signal peptide, CUB and EGF-like domain-containing protein|Histone-lysine N-methyltransferase EHMT1/EHMT2|VPS10-related sortilin family receptors|Notch Signaling and Cell Fate Determination	Nuclear pore complex protein|Enhancer of mRNA-decapping protein 4-like|-|SAC3/GANP/THP3|Negative elongation factor A domain-containing protein|Transcriptional Corepressor and Histone Demethylase|Apoptosis-stimulating of p53 protein 1/2|Dendritic Spine Regulation and Scaffold	Nuclear pore complex protein|Germinal-centre associated nuclear protein, nucleoporin homology domain|-|Proline and serine-rich protein 1|Nucleoporin NUP42 domain-containing protein|Retro-transposon transporting motif|Arf-GAP domain and FG repeat-containing protein|Nucleoporin Nup153, N-terminal	1.29	2.482	1.16	2.298	0.52	4.609	7.674	4.421	6.755	0.601	0	0	0	0	0	0	0	0	0	0	0	0	0	0	0	1	1	0	0	0	0	0	0	0	ENSG00000148400	ENSG00000126883	ENST00000651671	136546048	ENST00000359428	131125586	1	true	2	true	false	true	1	1	0	0	0	0	0	0	0	0	0	0	0.058059443
SMCHD1	RPL7AP57(101411),NDUFB11P1(72732)	18	11	2707920	92263300	+	-	+	.	translocation	CDS/splice-site	intergenic	ENST00000320876	.	out-of-frame	4	ENSP00000326603		MAAADGGGPGGASVGTEEDGGGVGHRTVYLFDRREKESELGDRPLQVGERSDYAGFRACVCQTLGISPEEKFVITTTSRKEITCDNFDETVKDGVTLYLLQSVNQLLLTATKERIDFLPHYDTLVKSGMYEYYASEGQNPLPFALAELIDNSLSATSRNIGVRRIQIKLLFDETQGKPAVAVIDNGRGMTSKQLNNWAVYRLSKFTRQGDFESDHSGYVRPVPVPRSLNSDISYFGVGGKQAVFFVGQSARMISKPADSQDVHELVLSKEDFEKKEKNKEAIYSGYIRNRKPSDSVHITNDDERFLHHLIIEEKEKDSFTAVVITGVQPEHIQYLKNYFHLWTRQLAHIYHYYIHGPKGNEIRTSKEVEPFNNIDIEISMFEKGKVPKIVNLREIQDDMQTLYVNTAADSFEFKAHVEGDGVVEGIIRYHPFLYDRETYPDDPCFPSKLKDEDDEDDCFILEKAARGKRPIFECFWNGRLIPYTSVEDFDWCTPPKKRGLAPIECYNRISGALFTNDKFQVSTNKLTFMDLELKLKDKNTLFTRILNGQEQRMKIDREFALWLKDCHEKYDKQIKFTLFKGVITRPDLPSKKQGPWATYAAIEWDGKIYKAGQLVKTIKTLPLFYGSIVRFFLYGDHDGEVYATGGEVQIAMEPQALYDEVRTVPIAKLDRTVAEKAVKKYVEDEMARLPDRLSVTWPEGDELLPNEVRPAGTPIGALRIEILNKKGEAMQKLPGTSHGGSKKLLVELKVILHS	SSGNKEIISHISQHGGKWPYWFKKMENIQKLGNYTLKLQVVLNESNADTYAGRPLPSKAIKFSVKEGKPEKFSFGLLDLPFRVGVPFNIPLEFQDEFGHTSQLVTDIQPVLEASGLSLHYEEITKGPNCVIRGVTAKGPVNSCQGKNYNLKVTLPGLKEDSQILKIRLLPGHPRRLKVKPDSEILVIENGTAFPFQVEVLDESDNITAQPKLIVHCKFSGAPNLPVYVVDCSSSGTSILTGSAIQVQNIKKDQTLKARIEIPSCKDVAPVEKTIKLLPSSHVARLQIFSVEGQKAIQIKHQDEVNWIAGDIMHNLIFQMYDEGEREINITSALAEKIKVNWTPEINKEHLLQGLLPDVQVPTSVKDMRYCQVSFQDDHVSLESAFTVRPLPDEPKHLKCEMKGGKTVQMGQELQGEVVIIITDQYGNQIQAFSPSSLSSLSIAGVGLDSSNLKTTFQENTQSISVRGIKFIPGPPGNKDLCFTWREFSDFIRVQLISGPPAKLLLIDWPELKESIPVINGRDLQNPIIVQLCDQWDNPAPVQHVKISLTKASNLKLMPSNQQHKTDEKGRANLGVFSVFAPRGEHTLQVKAIYNKSIIEGPIIKLMILPDPEKPVRLNVKYDKDASFLAGGLFTDFMISVISEDDSIIKNINPARISMKMWKLSTSGNRPPANAETFSCNKIKDNDKEDGCFYFRDKVIPNKVGTYCIQFGFMMDKTNILNSEQVIVEVLPNQPVKLVPKIKPPTPAVSNVRSVASRTLVRDLHLSITDDYDNHTGIDLVGTIIATIKGSNEEDTDTPLFIGKVRTLEFPFVNGSAEIMSLVLAESSPGRDSTEYFIVFEPRLPLLSRTLEPYILPFMFYNDVKKQQQMAALTKEKDQLSQSIVMYKSLFEASQQLLNEMKCQVEEARLKEAQLRNELKIHNIDIPTTQQVPHIEALLKRKLSEQEELKKKPRRSCTLPNYTKGSGDVLGKIAHLAQIEDDRAAMVISWHLASDMDCVVTLTTDAARRIYDETQGRQQVLPLDSIYKKTLPDWKRSLPHFRNGKLYFKPIGDPVFARDLLTFPDNVEHCETVFGMLLGDTIILDNLDAANHYRKEVVKITHCPTLLTRDGDRIRSNGKFGGLQNKAPPMDKLRGMVFGAPVPKQCLILGEQIDLLQQYRSAVCKLDSVNKDLNSQLEYLRTPDMRKKKQELDEHEKNLKLIEEKLGMTPIRKCNDSLRHSPKVETTDCPVPPKRMRREATRQNRIITKTDV	.	.	IPR045261|IPR042427|IPR045189|IPR025704|IPR024627|IPR045322|IPR051493|IPR051165	IPR038892|IPR039893|IPR024789|IPR000212|IPR053033|IPR051364|IPR026848|IPR037895	IPR049147|IPR025799|IPR008814|IPR000684|IPR026737|IPR050998|IPR026058|IPR008853	IPR000684|IPR049147|IPR026737|IPR050998|IPR025799|IPR008814|IPR026058|IPR008853	MICRORCHIDIA ATPase family|Zinc finger FYVE domain-containing protein 1|E3 ubiquitin ligase UBR4-like|E3 ubiquitin ligase UBR4, C-terminal|V(D)J recombination-activating protein 1|E3 ubiquitin-protein ligase HECTD1/TRIP12-like|Chromodomain-helicase-DNA-binding|Multifunctional Ankyrin Repeat Domain-Containing Protein	Structural maintenance of chromosomes flexible hinge domain-containing protein 1|Centrosomal protein of 120kDa-like|Anaphase-promoting complex subunit 4|DNA helicase, UvrD/REP type|Androglobin-like|Cytokinesis and Rho signaling-related protein|E3 ubiquitin-protein ligase FANCL|NudC domain-containing protein 1	FAM186A, PQQAQ repeat|Protein arginine N-methyltransferase|Dolichyl-diphosphooligosaccharide--protein glycosyltransferase subunit Swp1|RNA polymerase II, heptapeptide repeat, eukaryotic|Golgin subfamily A member 6-like|Forkhead box protein P|LIPIN family|TMEM9/TMEM9B	RNA polymerase II, heptapeptide repeat, eukaryotic|FAM186A, PQQAQ repeat|Golgin subfamily A member 6-like|Forkhead box protein P|Protein arginine N-methyltransferase|Dolichyl-diphosphooligosaccharide--protein glycosyltransferase subunit Swp1|LIPIN family|TMEM9/TMEM9B											0	0	0	1	0	0	0	0	0	0	0	0	0	0	0	1	0	0	0	0	0	0	0	0	ENSG00000101596		ENST00000320876	2655726			0	true		false	false	false	2	2	0	0	0	0	0	0	0	0	0	0	0.02121124
PPP1R12A	SEPTIN10	12	2	79817394	109585838	-	-	-	-	translocation	CDS/splice-site	CDS/splice-site	ENST00000261207	ENST00000397712	in-frame	5	ENSP00000261207	ENSP00000380824	MKMADAKQKRNEQLKRWIGSETDLEPPVVKRQKTKVKFDDGAVFLAACSSGDTDEVLKLLHRGADINYANVDGLTALHQACIDDNVDMVKFLVENGANINQPDNEGWIPLHAAASCGYLDIAEFLIGQGAHVGAVNSEGDTPLDIAEEEAMEELLQNEVNRQGVDIEAARKEEERIMLRDARQWLNSGHINDVRHAKSGGTALHVAAAKGYTEVLKLLIQAGYDVNIKDYDGWTPLHAAAHWGKEEACRILVDNLCDMEMVNKVGQTAFDVADEDILGYLEELQKKQNLLHSEKRDKKSPLIESTANMDNNQSQKTFKNKETLIIEPEKNASRIESLEQEKVDEEEEGKKDESSCSSEEDEEDDSESEAETDKTKPLASVTNANTSSTQAAPVAVTTPTVSSGQATPTSPIKK	FPTTATKISPKEEERKDESPATWRLGLRKTGSYGALAEITASKEGQKEKDTAGVTRSASSPRLSSSLDNKEKEKDSKGTRLAYVAPTIPRRLASTSDIEEKENRDSSSLRTSSSYTRRKWEDDLKKNSSVNEGSTYHKSCSFGRRQDDLISSSVPSTTSTPTVTSAAGLQKSLLSSTSTTTKITTGSSSAGTQSSTSNRLWAEDSTEKEKDSVPTAVTIPVAPTVVNAAASTTTLTTTTAGTVSSTTEVRERRRSYLTPVRDEESESQRKARSRQARQSRRSTQGVTLTDLQEAEKTIGRSRSTRTREQENEEKEKEEKEKQDKEKQEEKKESETSREDEYKQKYSRTYDETYQRYRPVSTSSSTTPSSSLSTMSSSLYASSQLNRPNSLVGITSAYSRGITKENEREGEKREEEKEGEDKSQPKSIRERRRPREKRRSTGVSFWTQDSDENEQEQQSDTEEGSNKKETQTDSISRYETSSTSAGDRYDSLLGRSGSYSYLEERKPYSSRLEKDDSTDFKKLYEQILAENEKLKAQLHDTNMELTDLKLQLEKATQRQERFADRSLLEMEKRERRALERRISEMEEELKMLPDLKADNQRLKDENGALIRVISKLSK	MASSEVARHLLFQSHMATKTTCMSSQGSDDEQIK	RENIRSLTMSGHVGFESLPDQLVNRSIQQGFCFNILCVGETGIGKSTLIDTLFNTNFEDYESSHFCPNVKLKAQTYELQESNVQLKLTIVNTVGFGDQINKEESYQPIVDYIDAQFEAYLQEELKIKRSLFTYHDSRIHVCLYFISPTGHSLKTLDLLTMKNLDSKVNIIPVIAKADTVSKTELQKFKIKLMSELVSNGVQIYQFPTDDDTIAKVNAAMNGQLPFAVVGSMDEVKVGNKMVKARQYPWGVVQVENENHCDFVKLREMLICTNMEDLREQTHTRHYELYRRCKLEEMGFTDVGPENKPVSVQETYEAKRHEFHGERQRKEEEMKQMFVQRVKEKEAILKEAERELQAKFEHLKRLHQEERMKLEEKRRLLEEEIIAFSKKKATSEIFHSQSFLATGSNLRKDKDRKNSNFL	IPR051226|IPR053210|IPR043593|IPR027640|-|IPR047171|IPR052771|IPR013178	IPR051226|IPR029300|IPR051176|IPR039041|IPR052098|IPR051187|IPR029978|IPR033489	IPR002048|IPR004908|-|IPR000225|IPR001680|IPR007886|IPR014837|IPR004823	-|IPR030379|IPR051978|IPR026791|IPR051316	Protein Phosphatase 1 Regulatory Subunit|Ankyrin repeat domain-containing protein 12|Arf-GAP with SH3 domain, ANK repeat and PH domain-containing protein|Kinesin-like protein|-|Bromodomain adjacent to zinc finger domain protein 1A|Neurotrophin-activated signaling adaptor|Histone acetyltransferase Rtt109/CBP	Protein Phosphatase 1 Regulatory Subunit|CEP170, C-terminal|Centrosomal and Immune Signaling Modulators|Nav/unc-53 family|Presynaptic Scaffold Protein Bassoon/Piccolo|Pre-mRNA 3'-end-processing regulator|LIM domain only protein 7|E3 ubiquitin-protein ligase RBBP6 family	EF-hand domain|ATPase, V1 complex, subunit H|-|Armadillo|WD40 repeat|Alanine dehydrogenase/pyridine nucleotide transhydrogenase, N-terminal|EF-hand, Ca insensitive|TATA box binding protein associated factor (TAF), histone-like fold domain	-|Septin-type guanine nucleotide-binding (G) domain|Rho GTPase-activating domain-containing protein|Dedicator of cytokinesis|Zinc-regulated GTPase metalloprotein activator											0	0	0	0	0	0	0	0	0	0	0	0	0	0	0	1	1	0	0	0	0	0	0	0	ENSG00000058272	ENSG00000186522			ENST00000397712	109613966	2	true	0	true	false	true	1	1	0	0	0	0	0	0	0	0	0	0	0.18808806
RNU6ATAC(835),BX649601.1(3370)	CACNA1B	9	9	134165399	137956771	+	+	.	+	deletion	intergenic	CDS/splice-site	.	ENST00000371372	.	6		ENSP00000360423	.	.	MVRFGDELGGRYGGPGGGERARGGGAGGAGGPGPGGLQPGQRVLYKQSIAQRARTMALYNPIPVKQNCFTVNRSLFVFSEDNVVRKYAKRITEWPPFEYMILATIIANCIVLALEQHLPDGDKTPMSERLDDTEPYFIGIFCFEAGIKIIALGFVFHKGSYLRNGWNVMDFVVVLTGILATAGTDFDLRTLRAVRVLRPLKLVSGIPSLQVVLKSIMKAMVPLLQIGLLLFFAILMFAIIGLEFYMGKFHKACFPNSTDAEPVGDFPCGKEAPARLCEGDTECREYWPGPNFGITNFDNILFAILTVFQCITMEGWTDILYNTNDAAGNTWNWLYFIPLIIIGSFFMLNLVLGVLSGEFAKERERVENRRAFLKLRRQQQIERELNGYLEWIFKAE	EVMLAEEDRNAEEKSPLDVLKRAATKKSRNDLIHAEEGEDRFADLCAVGSPFARASLKSGKTESSSYFRRKEKMFRFFIRRMVKAQSFYWVVLCVVALNTLCVAMVHYNQPRRLTTTLYFAEFVFLGLFLTEMSLKMYGLGPRSYFRSSFNCFDFGVIVGSVFEVVWAAIKPGSSFGISVLRALRLLRIFKVTKYWSSLRNLVVSLLNSMKSIISLLFLLFLFIVVFALLGMQLFGGQFNFQDETPTTNFDTFPAAILTVFQILTGEDWNAVMYHGIESQGGVSKGMFSSFYFIVLTLFGNYTLLNVFLAIAVDNLANAQELTKDEEEMEEAANQKLALQKAKEVAEVSPMSAANISIAARQQNSAKARSVWEQRASQLRLQNLRASCEALYSEMDPEERLRFATTRHLRPDMKTHLDRPLVVELGRDGARGPVGGKARPEAAEAPEGVDPPRRHHRHRDKDKTPAAGDQDRAEAPKAESGEPGAREERPRPHRSHSKEAAGPPEARSERGRGPGPEGGRRHHRRGSPEEAAEREPRRHRAHRHQDPSKECAGAKGERRARHRGGPRAGPREAESGEEPARRHRARHKAQPAHEAVEKETTEKEATEKEAEIVEADKEKELRNHQPREPHCDLETSGTVTVGPMHTLPSTCLQKVEEQPEDADNQRNVTRMGSQPPDPNTIVHIPVMLTGPLGEATVVPSGNVDLESQAEGKKEVEADDVMRSGPRPIVPYSSMFCLSPTNLLRRFCHYIVTMRYFEVVILVVIALSSIALAAEDPVRTDSPRNNALKYLDYIFTGVFTFEMVIKMIDLGLLLHPGAYFRDLWNILDFIVVSGALVAFAFSGSKGKDINTIKSLRVLRVLRPLKTIKRLPKLKAVFDCVVNSLKNVLNILIVYMLFMFIFAVIAVQLFKGKFFYCTDESKELERDCRGQYLDYEKEEVEAQPRQWKKYDFHYDNVLWALLTLFTVSTGEGWPMVLKHSVDATYEEQGPSPGYRMELSIFYVVYFVVFPFFFVNIFVALIIITFQEQGDKVMSECSLEKNERACIDFAISAKPLTRYMPQNRQSFQYKTWTFVVSPPFEYFIMAMIALNTVVLMMKFYDAPYEYELMLKCLNIVFTSMFSMECVLKIIAFGVLNYFRDAWNVFDFVTVLGSITDILVTEIAETNNFINLSFLRLFRAARLIKLLRQGYTIRILLWTFVQSFKALPYVCLLIAMLFFIYAIIGMQVFGNIALDDDTSINRHNNFRTFLQALMLLFRSATGEAWHEIMLSCLSNQACDEQANATECGSDFAYFYFVSFIFLCSFLMLNLFVAVIMDNFEYLTRDSSILGPHHLDEFIRVWAEYDPAACGRISYNDMFEMLKHMSPPLGLGKKCPARVAYKRLVRMNMPISNEDMTVHFTSTLMALIRTALEIKLAPAGTKQHQCDAELRKEISVVWANLPQKTLDLLVPPHKPDEMTVGKVYAALMIFDFYKQNKTTRDQMQQAPGGLSQMGPVSLFHPLKATLEQTQPAVLRGARVFLRQKSSTSLSNGGAIQNQESGIKESVSWGTQRTQDAPHEARPPLERGHSTEIPVGRSGALAVDVQMQSITRRGPDGEPQPGLESQGRAASMPRLAAETQPVTDASPMKRSISTLAQRPRGTHLCSTTPDRPPPSQASSHHHHHRCHRRRDRKQRSLEKGPSLSADMDGAPSSAVGPGLPPGEGPTGCRRERERRQERGRSQERRQPSSSSSEKQRFYSCDRFGGREPPKPKPSLSSHPTSPTAGQEPGPHPQGSGSVNGSPLLSTSGASTPGRGGRRQLPQTPLTPRPSITYKTANSSPIHFAGAQTSLPAFSPGRLSRGLSEHNALLQRDPLSQPLAPGSRIGSDPYLGQRLDSEASVHALPEDTLTFEEAVATNSGRSSRTSYVSSLTSQSHPLRRVPNGYHCTLGLSSGGRARHSYHHPDQDHWC	IPR049147|IPR000684|IPR025799|IPR026737|IPR050998|IPR008814|IPR026058|IPR008853	IPR049147|IPR000684|IPR025799|IPR008814|IPR050998|IPR026737|IPR026058|IPR008853	IPR050599|IPR028823|IPR043203|IPR051171|IPR024862|IPR027640|-|IPR028744	IPR050599|IPR028823|IPR028744|IPR043203|IPR050818|IPR051700|-|IPR050701	FAM186A, PQQAQ repeat|RNA polymerase II, heptapeptide repeat, eukaryotic|Protein arginine N-methyltransferase|Golgin subfamily A member 6-like|Forkhead box protein P|Dolichyl-diphosphooligosaccharide--protein glycosyltransferase subunit Swp1|LIPIN family|TMEM9/TMEM9B	FAM186A, PQQAQ repeat|RNA polymerase II, heptapeptide repeat, eukaryotic|Protein arginine N-methyltransferase|Dolichyl-diphosphooligosaccharide--protein glycosyltransferase subunit Swp1|Forkhead box protein P|Golgin subfamily A member 6-like|LIPIN family|TMEM9/TMEM9B	Voltage-dependent calcium channel alpha-1 subunit|Sodium leak channel NALCN|Voltage-gated cation channel calcium and sodium|Calcium/Cation Antiporter|Transient receptor potential cation channel subfamily V|Kinesin-like protein|-|Cation channel sperm-associated protein 4	Voltage-dependent calcium channel alpha-1 subunit|Sodium leak channel NALCN|Cation channel sperm-associated protein 4|Voltage-gated cation channel calcium and sodium|Potassium channel, voltage-dependent, EAG/ELK/ERG-like, animal-type|STE20 Ser/Thr Protein Kinase|-|Histone Modification Regulator											0	0	1	0	0	0	0	0	0	0	0	0	0	0	0	0	1	0	0	0	0	0	0	0		ENSG00000148408			ENST00000371372	137877782		false	1	true	false	false	2	2	0	0	0	0	0	0	0	0	0	0	0.021260468
C5	LINC02872	9	9	120957285	87156573	-	+	-	+	inversion	CDS/splice-site	exon/splice-site	ENST00000223642	ENST00000623052	out-of-frame	7	ENSP00000223642		MGLLGILCFLIFLGKTWGQEQTYVISAPKIFRVGASENIVIQVYGYTEAFDATISIKSYPDKKFSYSSGHVHLSSENKFQNSAILTIQPKQLPGGQNPVSYVYLEVVSKHFSKSKRMPITYDNGFLFIHTDKPVYTPDQSVKVRVYSLNDDLKPAKRETVLTFIDPEGSEVDMVEEIDHIGIISFPDFKIPSNPRYGMWTIKAKYKEDFSTTGTAYFEVKEYVLPHFSVSIEPEYNFIGYKNFKNFEITIKARYFYNKVVTEADVYITFGIREDLKDDQKEMMQTAMQNTMLINGIAQVTFDSETAVKELSYYSLEDLNNKYLYIAVTVIESTGGFSEEAEIPGIKYVLSPYKLNLVATPLFLKPGIPYPIKVQVKDSLDQLVGGVPVTLNAQTIDVNQETSDLDPSKSVTRVDDGVASFVLNLPSGVTVLEFNVKTDAPDLPEENQAREGYRAIAYSSLSQSYLYIDWTDNHKALLVGEHLNIIVTPKSPYIDKITHYNYLILSKGKIIHFGTREKFSDASYQSINIPVTQNMVPSSRLLVYYIVTGEQTAELVSDSVWLNIEEKCGNQLQVHLSPDADAYSPGQTVSLNMATGMDSWVALAAVDSAVYGVQRGAKKPLERVFQFLEKSDLGCGAGGGLNNANVFHLAGLTFLTNANADDSQENDEPCKEILRPRRTLQKKIEEIAAKYKHSVVKKCCYDGACVNNDETCEQRAARISLGPRCIKAFTECCVVASQLRANISHKDMQLGRLHMKTLLPVSKPEIRSYFPESWLWEVHLVPRRKQLQFALPDSLTTWEIQGVGISNTGICVADTVKAKVFKDVFLEMNIPYSVVRGEQIQLKGTVYNYRTSGMQFCVKMSAVEGICTSESPVIDHQGTKSSKCVRQKVEGSSSHLVTFTVLPLEIGLHNINFSLETWFGKEILVKTLRVVPEGVKRESYSGVTLDPRGIYGTISRRKEFPYRIPLDLVPKTEIKRILSVKGLLVGEILSAVLSQEGINILTHLPKGSAEAELMSVVPVFYVFHYLETGNHWNIFHSDPLIEKQKLKKKLKEGMLSIMSYRNADYSYSVWKGGSASTWLTAFALRVLGQVNKYVEQNQNSICNSLLWLVENYQLDNGSFKENSQYQPIKLQGTLPVEARENSLYLTAFTVIGIRKAFDICPLVKIDTALIKADNFLLENTLPAQSTFTLAISAYALSLGDKTHPQFRSIVSALKREALVKGNPPIYRFWKDNLQHKDSSVPNTGTARMVETTAYALLTSLNLKDINYVNPVIKWLSEEQRYGGGFYSTQDTINAIEGLTEYSLLVKQLRLSMDIDVSYKHKGALHNYKMTDKNFLGRPVEVLLNDDLIVSTGFGSGLATVHVTTVVHKTSTSEEVCSFYLKIDTQDIEASHYRGYGNSDYKRIVACASYKPSREESSSGSSHAVMDISLPTGISANEEDLKALVEGVDQLFTDYQIKDGHVILQLNSIPSSDFLCVRFRIFELFEVGFLSPATFTVYEYHRPDKQCTMFYSTSNIKIQKVCEGAACKCVEADCGQMQEELDLTISAETRKQTACKPEIAYAYKVSITSITVENVFVKYKATLLDIYKTG	EAVAEKDSEITFIKKVTCTNAELVKGRQYLIMGKEALQIKYNFSFRYIYPLDSLTWIEYWPRDTTCSSCQAFLANLDEFAEDIFLNGC	.	.	IPR050473|-|IPR011626|IPR039373|IPR050449|IPR001747|IPR002890|IPR051237	IPR000734|IPR031777|IPR051142|-|IPR043406|IPR007990|IPR019577|IPR016017	IPR049147|IPR025799|IPR008814|IPR000684|IPR026737|IPR050998|IPR026058|IPR008853	IPR000684|IPR049147|IPR026737|IPR050998|IPR025799|IPR008814|IPR026058|IPR008853	Alpha-2-macroglobulin/Complement system|-|Alpha-macroglobulin-like, TED domain|Transferrin receptor protein 1/Glutamate carboxypeptidase 2-like|Ephrin receptor tyrosine kinases|Vitellogenin, N-terminal|Macroglobulin domain|Ferric-chelate Reductase and Defense	Triacylglycerol lipase family|Sortilin, C-terminal|Glycosyltransferase 29|-|Transmembrane glycoprotein EPCAM/Trop-2|Prolactin-inducible protein|SPARC/Testican, calcium-binding domain|GDNF/GAS1	FAM186A, PQQAQ repeat|Protein arginine N-methyltransferase|Dolichyl-diphosphooligosaccharide--protein glycosyltransferase subunit Swp1|RNA polymerase II, heptapeptide repeat, eukaryotic|Golgin subfamily A member 6-like|Forkhead box protein P|LIPIN family|TMEM9/TMEM9B	RNA polymerase II, heptapeptide repeat, eukaryotic|FAM186A, PQQAQ repeat|Golgin subfamily A member 6-like|Forkhead box protein P|Protein arginine N-methyltransferase|Dolichyl-diphosphooligosaccharide--protein glycosyltransferase subunit Swp1|LIPIN family|TMEM9/TMEM9B											0	0	0	0	0	0	0	0	0	0	0	0	0	0	0	1	0	0	0	0	0	0	0	0	ENSG00000106804	ENSG00000204446	ENST00000223642	121050275			0	true		false	false	false	2	2	0	0	0	0	0	0	0	0	0	0	0.05680583
WASF3	COL5A1	13	9	26613058	134822998	+	+	+	+	translocation	5'UTR/splice-site	CDS/splice-site	ENST00000335327	ENST00000371817	.	8	ENSP00000335055	ENSP00000360882	.	.	MDVHTRWKARSALRPGAPLLPPLLLLLLWAPPPSRAAQPADLLKVLDFHNLPDGITKTTGFCATRRSSKGPDVAYRVTKDAQLSAPTKQLYPASAFPEDFSILTTVKAKKGSQAFLVSIYNEQGIQQIGLELGRSPVFLYEDHTGKPGPEDYPLFRGINLSDGKWHRIALSVHKKNVTLILDCKKKTTKFLDRSDHPMIDINGIIVFGTRILDEEVFEGDIQQLLFVSDHRAAYDYCEHYSPDCDTAVPDTPQSQDPNPDEYYTEGDGEGETYYYEYPYYEDPEDLGKEPTPSKKPVEAAKETTEVPEELTPTPTEAAPMPETSEGAGKEEDVGIGDYDYVPSEDYYTPSPYDDLTYGEGEENPDQPTDPGAGAEIPTSTADTSNSSNPAPPPGEGADDLEGEFTEETIRNLDENYYDPYYDPTSSPSEIGPGMPANQDTIYEGIGGPRGEKGQKGEPAIIEPGMLIEGPPGPEGPAGLPGPPGTMGPTGQVGDPGERGPPGRPGLPGADGLPGPPGTMLMLPFRFGGGGDAGSKGPMVSAQESQAQAILQQARLALRGPAGPMGLTGRPGPVGPPGSGGLKGEPGDVGPQGPRGVQGPPGPAGKPGRRGRAGSDGARGMPGQTGPKGDRGFDGLAGLPGEKGHRGDPGPSGPPGPPGDDGERGDDGEVGPRGLPGEPGPRGLLGPKGPPGPPGPPGVTGMDGQPGPKGNVGPQGEPGPPGQQGNPGAQGLPGPQGAIGPPGEKGPLGKPGLPGMPGADGPPGHPGKEGPPGEKGGQGPPGPQGPIGYPGPRGVKGADGIRGLKGTKGEKGEDGFPGFKGDMGIKGDRGEIGPPGPRGEDGPEGPKGRGGPNGDPGPLGPPGEKGKLGVPGLPGYPGRQGPKGSIGFPGFPGANGEKGGRGTPGKPGPRGQRGPTGPRGERGPRGITGKPGPKGNSGGDGPAGPPGERGPNGPQGPTGFPGPKGPPGPPGKDGLPGHPGQRGETGFQGKTGPPGPPGVVGPQGPTGETGPMGERGHPGPPGPPGEQGLPGLAGKEGTKGDPGPAGLPGKDGPPGLRGFPGDRGLPGPVGALGLKGNEGPPGPPGPAGSPGERGPAGAAGPIGIPGRPGPQGPPGPAGEKGAPGEKGPQGPAGRDGLQGPVGLPGPAGPVGPPGEDGDKGEIGEPGQKGSKGDKGEQGPPGPTGPQGPIGQPGPSGADGEPGPRGQQGLFGQKGDEGPRGFPGPPGPVGLQGLPGPPGEKGETGDVGQMGPPGPPGPRGPSGAPGADGPQGPPGGIGNPGAVGEKGEPGEAGEPGLPGEGGPPGPKGERGEKGESGPSGAAGPPGPKGPPGDDGPKGSPGPVGFPGDPGPPGEPGPAGQDGPPGDKGDDGEPGQTGSPGPTGEPGPSGPPGKRGPPGPAGPEGRQGEKGAKGEAGLEGPPGKTGPIGPQGAPGKPGPDGLRGIPGPVGEQGLPGSPGPDGPPGPMGPPGLPGLKGDSGPKGEKGHPGLIGLIGPPGEQGEKGDRGLPGPQGSSGPKGEQGITGPSGPIGPPGPPGLPG	PPGPKGAKGSSGPTGPKGEAGHPGPPGPPGPPGEVIQPLPIQASRTRRNIDASQLLDDGNGENYVDYADGMEEIFGSLNSLKLEIEQMKRPLGTQQNPARTCKDLQLCHPDFPDGEYWVDPNQGCSRDSFKVYCNFTAGGSTCVFPDKKSEGARITSWPKENPGSWFSEFKRGKLLSYVDAEGNPVGVVQMTFLRLLSASAHQNVTYHCYQSVAWQDAATGSYDKALRFLGSNDEEMSYDNNPYIRALVDGCATKKGYQKTVLEIDTPKVEQVPIVDIMFNDFGEASQKFGFEVGPACFMG	IPR049147|IPR000684|IPR025799|IPR026737|IPR050998|IPR008814|IPR026058|IPR008853	IPR049147|IPR000684|IPR025799|IPR008814|IPR050998|IPR026737|IPR026058|IPR008853	IPR050149|IPR050938|-|IPR008160|IPR050392	IPR000885|IPR039181|IPR039721|IPR008908|IPR045575|IPR052252|-|IPR052105	FAM186A, PQQAQ repeat|RNA polymerase II, heptapeptide repeat, eukaryotic|Protein arginine N-methyltransferase|Golgin subfamily A member 6-like|Forkhead box protein P|Dolichyl-diphosphooligosaccharide--protein glycosyltransferase subunit Swp1|LIPIN family|TMEM9/TMEM9B	FAM186A, PQQAQ repeat|RNA polymerase II, heptapeptide repeat, eukaryotic|Protein arginine N-methyltransferase|Dolichyl-diphosphooligosaccharide--protein glycosyltransferase subunit Swp1|Forkhead box protein P|Golgin subfamily A member 6-like|LIPIN family|TMEM9/TMEM9B	Collagen superfamily|Collagen and Collagen-like Structural Proteins|-|Collagen triple helix repeat|Collagen/C1q domain-containing	Fibrillar collagen, C-terminal|Endosome/lysosome-associated apoptosis and autophagy regulator family member 1/2|D-glucuronyl C5-epimerase|Sarcoglycan alpha/epsilon|Astrotactin-1/2, N-terminal|Cell surface hyaluronidase CEMIP/CEMIP2|-|Alpha-1,6-mannosylglycoprotein 6-beta-N-acetylglucosaminyltransferase	2.145	2.7	2.375	1.884	0.794	4.893	4.822	4.58	4.717	1.015	0	0	0	0	0	0	0	0	0	0	0	0	0	0	0	1	1	0	0	0	0	0	0	0	ENSG00000132970	ENSG00000130635	ENST00000335327	26557683	ENST00000371817	134641803		false	0	true	false	false	2	2	0	0	1	1	0	0	0	0	0	0	0.24825573
NSD2	OR7E43P(8261),OTOP1(5227)	4	4	1904378	4183499	+	-	+	.	inversion	CDS/splice-site	intergenic	ENST00000508803	.	out-of-frame	9	ENSP00000423972		MEFSIKQSPLSVQSVVKCIKMKQAPEILGSANGKTPSCEVNRECSVFLSKAQLSSSLQEGVMQKFNGHDALPFIPADKLKDLTSRVFNGEPGAHDAKLRFESQEMKGIGTPPNTTPIKNGSPEIKLKITKTYMNGKPLFESSICGDSAADVSQSEENGQKPENKARRNRKRSIKYDSLLEQGLVEAALVSKISSPSDKKIPAKKESCPNTGRDKDHLLKYNVGDLVWSKVSGYPWWPCMVSADPLLHSYTKLKG	QKKSARQYHVQFFGDAPERAWIFEKSLVAFEGEGQFEKLCQESAKQAPTKAEKIKLLKPISGKLRAQWEMGIVQAEEAASMSVEERKAKFTFLYVGDQLHLNPQVAKEAGIAAESLGEMAESSGVSEEAAENPKSVREECIPMKRRRRAKLCSSAETLESHPDIGKSTPQKTAEADPRRGVGSPPGRKKTTVSMPRSRKGDAASQFLVFCQKHRDEVVAEHPDASGEEIEELLRSQWSLLSEKQRARYNTKFALVAPVQAEEDSGNVNGKKRNHTKRIQDPTEDAEAEDTPRKRLRTDKHSLRKRDTITDKTARTSSYKAMEAASSLKSQAATKNLSDACKPLKKRNRASTAASSALGFSKSSSPSASLTENEVSDSPGDEPSESPYESADETQTEVSVSSKKSERGVTAKKEYVCQLCEKPGSLLLCEGPCCGAFHLACLGLSRRPEGRFTCSECASGIHSCFVCKESKTDVKRCVVTQCGKFYHEACVKKYPLTVFESRGFRCPLHSCVSCHASNPSNPRPSKGKMMRCVRCPVAYHSGDACLAAGCSVIASNSIICTAHFTARKGKRHHAHVNVSWCFVCSKGGSLLCCESCPAAFHPDCLNIEMPDGSWFCNDCRAGKKLHFQDIIWVKLGNYRWWPAEVCHPKNVPPNIQKMKHEIGEFPVFFFGSKDYYWTHQARVFPYMEGDRGSRYQGVRGIGRVFKNALQEAEARFREIKLQREARETQESERKPPPYKHIKVNKPYGKVQIYTADISEIPKCNCKPTDENPCGFDSECLNRMLMFECHPQVCPAGEFCQNQCFTKRQYPETKIIKTDGKGWGLVAKRDIRKGEFVNEYVGELIDEEECMARIKHAHENDITHFYMLTIDKDRIIDAGPKGNYSRFMNHSCQPNCETLKWTVNGDTRVGLFAVCDIPAGTELTFNYNLDCLGNEKTVCRCGASNCSGFLGDRPKTSTTLSSEEKGKKTKKKTRRRRAKGEGKRQSEDECFRCGDGGQLVLCDRKFCTKAYHLSCLGLGKRPFGKWECPWHHCDVCGKPSTSFCHLCPNSFCKEHQDGTAFSCTPDGRSYCCEHDLGAASVRSTKTEKPPPEPGKPKGKRRRRRGWRRVTEGK	.	.	IPR032757|IPR052620|IPR051696|IPR051232|IPR008677|IPR026161|IPR040210|IPR029627	IPR050777|-|IPR050701|IPR050603|IPR047269|IPR043550|IPR050311|IPR050331	IPR049147|IPR025799|IPR008814|IPR000684|IPR026737|IPR050998|IPR026058|IPR008853	IPR000684|IPR049147|IPR026737|IPR050998|IPR025799|IPR008814|IPR026058|IPR008853	Domain of unknown function DUF4683|ELYS/MEL-28 Nuclear Assembly Factor|DENN Domain-Containing GEFs|AT-rich Interactive Domain/SWI1 Chromatin Remodeling|MRVI1|FAM178 family|Cep85/Cep85L|Serine-rich coiled-coil domain-containing protein	SET2 Histone-Lysine N-Methyltransferase|-|Histone Modification Regulator|MYST family histone acetyltransferases|Zinc finger MYND domain-containing protein 11|Histone-lysine N-methyltransferase EHMT1/EHMT2|Origin Recognition Complex 1/Cell Division Control Protein 6|Zinc finger	FAM186A, PQQAQ repeat|Protein arginine N-methyltransferase|Dolichyl-diphosphooligosaccharide--protein glycosyltransferase subunit Swp1|RNA polymerase II, heptapeptide repeat, eukaryotic|Golgin subfamily A member 6-like|Forkhead box protein P|LIPIN family|TMEM9/TMEM9B	RNA polymerase II, heptapeptide repeat, eukaryotic|FAM186A, PQQAQ repeat|Golgin subfamily A member 6-like|Forkhead box protein P|Protein arginine N-methyltransferase|Dolichyl-diphosphooligosaccharide--protein glycosyltransferase subunit Swp1|LIPIN family|TMEM9/TMEM9B											0	0	0	1	0	0	0	0	0	0	0	0	0	0	0	1	0	0	0	0	0	0	0	0	ENSG00000109685		ENST00000508803	1871393			0	true		false	false	false	2	2	0	0	0	0	0	0	0	0	0	0	0.020201486
FRG1GP	ERG	22	21	12604739	38631010	+	+	+	-	translocation/5'-5'	exon/splice-site	intron	ENST00000634617	.	.	10			.	.	.	.	IPR049147|IPR000684|IPR025799|IPR026737|IPR050998|IPR008814|IPR026058|IPR008853	IPR049147|IPR000684|IPR025799|IPR008814|IPR050998|IPR026737|IPR026058|IPR008853	IPR049147|IPR025799|IPR008814|IPR000684|IPR026737|IPR050998|IPR026058|IPR008853	IPR000684|IPR049147|IPR026737|IPR050998|IPR025799|IPR008814|IPR026058|IPR008853	FAM186A, PQQAQ repeat|RNA polymerase II, heptapeptide repeat, eukaryotic|Protein arginine N-methyltransferase|Golgin subfamily A member 6-like|Forkhead box protein P|Dolichyl-diphosphooligosaccharide--protein glycosyltransferase subunit Swp1|LIPIN family|TMEM9/TMEM9B	FAM186A, PQQAQ repeat|RNA polymerase II, heptapeptide repeat, eukaryotic|Protein arginine N-methyltransferase|Dolichyl-diphosphooligosaccharide--protein glycosyltransferase subunit Swp1|Forkhead box protein P|Golgin subfamily A member 6-like|LIPIN family|TMEM9/TMEM9B	FAM186A, PQQAQ repeat|Protein arginine N-methyltransferase|Dolichyl-diphosphooligosaccharide--protein glycosyltransferase subunit Swp1|RNA polymerase II, heptapeptide repeat, eukaryotic|Golgin subfamily A member 6-like|Forkhead box protein P|LIPIN family|TMEM9/TMEM9B	RNA polymerase II, heptapeptide repeat, eukaryotic|FAM186A, PQQAQ repeat|Golgin subfamily A member 6-like|Forkhead box protein P|Protein arginine N-methyltransferase|Dolichyl-diphosphooligosaccharide--protein glycosyltransferase subunit Swp1|LIPIN family|TMEM9/TMEM9B											0	0	0	1	0	0	0	0	0	0	0	0	0	0	0	0	0	0	0	0	0	0	0	0	ENSG00000283023							false		false	false	false	2	2	0	0	0	0	0	0	0	0	0	0	0.0121744815
INIP	C5	9	9	112716461	120957368	-	-	-	-	duplication	CDS/splice-site	CDS/splice-site	ENST00000374242	ENST00000480188	out-of-frame	11	ENSP00000363360		MAANSSGQG	FQNKNRVAILAELDKEKRKLLMQNQSSTNHPGASIALSRPSLNKDFRDHAEQQHIAAQQKAALQHAHAHSSGYFITQDSAFGNLILPVLPRLDPE	.	.	IPR012510|IPR007886|IPR000225|IPR006626|-|IPR002048|IPR037626|IPR024131	IPR031821|IPR009146|IPR031867|-|IPR052212|IPR027079|IPR051974|IPR029246	IPR049147|IPR025799|IPR008814|IPR000684|IPR026737|IPR050998|IPR026058|IPR008853	IPR000684|IPR049147|IPR026737|IPR050998|IPR025799|IPR008814|IPR026058|IPR008853	Actin-binding, Xin repeat|Alanine dehydrogenase/pyridine nucleotide transhydrogenase, N-terminal|Armadillo|Parallel beta-helix repeat|-|EF-hand domain|Nucleoporin Nup37|Uncharacterised protein family UPF0489	SOSS complex subunit C|Groucho/transducin-like enhancer|MiT/TFE transcription factors, N-terminal|-|Pleckstrin homology-like domain-containing protein|TFIIH subunit Tfb1/GTF2H1|Poly(U)-binding-splicing regulator|Protein TALPID3	FAM186A, PQQAQ repeat|Protein arginine N-methyltransferase|Dolichyl-diphosphooligosaccharide--protein glycosyltransferase subunit Swp1|RNA polymerase II, heptapeptide repeat, eukaryotic|Golgin subfamily A member 6-like|Forkhead box protein P|LIPIN family|TMEM9/TMEM9B	RNA polymerase II, heptapeptide repeat, eukaryotic|FAM186A, PQQAQ repeat|Golgin subfamily A member 6-like|Forkhead box protein P|Protein arginine N-methyltransferase|Dolichyl-diphosphooligosaccharide--protein glycosyltransferase subunit Swp1|LIPIN family|TMEM9/TMEM9B											0	0	0	0	0	0	0	0	0	0	0	0	0	0	0	1	0	0	0	0	0	0	0	0	ENSG00000148153	ENSG00000106804	ENST00000374242	112718117			0	true		false	false	false	2	2	0	0	0	0	0	0	0	0	0	0	0.0
INIP	CDC26	9	9	112716461	113256548	-	-	-	-	duplication	CDS/splice-site	exon/splice-site	ENST00000374242	ENST00000490408	out-of-frame	12	ENSP00000363360		MAANSSGQG	FQNKNRVAILAELDKEKRKLLMQNQSSTNHPGASIALSRPSLNKDFRDHAEQQHIAAQQKAALQHAHAHSSGYFITQDSAFGNLILPVLPRLDPE	.	.	IPR012510|IPR007886|IPR000225|IPR006626|-|IPR002048|IPR037626|IPR024131	IPR031821|IPR009146|IPR031867|-|IPR052212|IPR027079|IPR051974|IPR029246	IPR049147|IPR025799|IPR008814|IPR000684|IPR026737|IPR050998|IPR026058|IPR008853	IPR000684|IPR049147|IPR026737|IPR050998|IPR025799|IPR008814|IPR026058|IPR008853	Actin-binding, Xin repeat|Alanine dehydrogenase/pyridine nucleotide transhydrogenase, N-terminal|Armadillo|Parallel beta-helix repeat|-|EF-hand domain|Nucleoporin Nup37|Uncharacterised protein family UPF0489	SOSS complex subunit C|Groucho/transducin-like enhancer|MiT/TFE transcription factors, N-terminal|-|Pleckstrin homology-like domain-containing protein|TFIIH subunit Tfb1/GTF2H1|Poly(U)-binding-splicing regulator|Protein TALPID3	FAM186A, PQQAQ repeat|Protein arginine N-methyltransferase|Dolichyl-diphosphooligosaccharide--protein glycosyltransferase subunit Swp1|RNA polymerase II, heptapeptide repeat, eukaryotic|Golgin subfamily A member 6-like|Forkhead box protein P|LIPIN family|TMEM9/TMEM9B	RNA polymerase II, heptapeptide repeat, eukaryotic|FAM186A, PQQAQ repeat|Golgin subfamily A member 6-like|Forkhead box protein P|Protein arginine N-methyltransferase|Dolichyl-diphosphooligosaccharide--protein glycosyltransferase subunit Swp1|LIPIN family|TMEM9/TMEM9B	15.16	5.572	15.955	5.117	2.721	0.0	18.037	0.0	19.287	0.0	0	0	0	0	0	0	0	0	0	0	0	0	0	0	0	1	0	0	0	0	0	0	0	0	ENSG00000148153	ENSG00000176386	ENST00000374242	112718117			0	true		false	false	false	2	2	0	0	0	0	0	0	0	0	0	0	0.0
AC093523.1	C9orf129	5	9	68871608	93335309	.	.	-	-	translocation	intron	intron	.	.	.	13			.	.	.	.	IPR049147|IPR000684|IPR025799|IPR026737|IPR050998|IPR008814|IPR026058|IPR008853	IPR049147|IPR000684|IPR025799|IPR008814|IPR050998|IPR026737|IPR026058|IPR008853	IPR049147|IPR025799|IPR008814|IPR000684|IPR026737|IPR050998|IPR026058|IPR008853	IPR000684|IPR049147|IPR026737|IPR050998|IPR025799|IPR008814|IPR026058|IPR008853	FAM186A, PQQAQ repeat|RNA polymerase II, heptapeptide repeat, eukaryotic|Protein arginine N-methyltransferase|Golgin subfamily A member 6-like|Forkhead box protein P|Dolichyl-diphosphooligosaccharide--protein glycosyltransferase subunit Swp1|LIPIN family|TMEM9/TMEM9B	FAM186A, PQQAQ repeat|RNA polymerase II, heptapeptide repeat, eukaryotic|Protein arginine N-methyltransferase|Dolichyl-diphosphooligosaccharide--protein glycosyltransferase subunit Swp1|Forkhead box protein P|Golgin subfamily A member 6-like|LIPIN family|TMEM9/TMEM9B	FAM186A, PQQAQ repeat|Protein arginine N-methyltransferase|Dolichyl-diphosphooligosaccharide--protein glycosyltransferase subunit Swp1|RNA polymerase II, heptapeptide repeat, eukaryotic|Golgin subfamily A member 6-like|Forkhead box protein P|LIPIN family|TMEM9/TMEM9B	RNA polymerase II, heptapeptide repeat, eukaryotic|FAM186A, PQQAQ repeat|Golgin subfamily A member 6-like|Forkhead box protein P|Protein arginine N-methyltransferase|Dolichyl-diphosphooligosaccharide--protein glycosyltransferase subunit Swp1|LIPIN family|TMEM9/TMEM9B											0	0	2	2	0	0	0	0	0	0	0	0	0	0	0	0	0	0	0	0	0	0	0	0								false		false	false	false	2	2	0	0	0	0	0	0	0	0	0	0	0.030614065
URM1	ATP8A2	9	13	128384489	25729619	+	+	+	+	translocation	intron	intron	.	.	.	14			.	.	.	.	IPR049147|IPR000684|IPR025799|IPR026737|IPR050998|IPR008814|IPR026058|IPR008853	IPR049147|IPR000684|IPR025799|IPR008814|IPR050998|IPR026737|IPR026058|IPR008853	IPR049147|IPR025799|IPR008814|IPR000684|IPR026737|IPR050998|IPR026058|IPR008853	IPR000684|IPR049147|IPR026737|IPR050998|IPR025799|IPR008814|IPR026058|IPR008853	FAM186A, PQQAQ repeat|RNA polymerase II, heptapeptide repeat, eukaryotic|Protein arginine N-methyltransferase|Golgin subfamily A member 6-like|Forkhead box protein P|Dolichyl-diphosphooligosaccharide--protein glycosyltransferase subunit Swp1|LIPIN family|TMEM9/TMEM9B	FAM186A, PQQAQ repeat|RNA polymerase II, heptapeptide repeat, eukaryotic|Protein arginine N-methyltransferase|Dolichyl-diphosphooligosaccharide--protein glycosyltransferase subunit Swp1|Forkhead box protein P|Golgin subfamily A member 6-like|LIPIN family|TMEM9/TMEM9B	FAM186A, PQQAQ repeat|Protein arginine N-methyltransferase|Dolichyl-diphosphooligosaccharide--protein glycosyltransferase subunit Swp1|RNA polymerase II, heptapeptide repeat, eukaryotic|Golgin subfamily A member 6-like|Forkhead box protein P|LIPIN family|TMEM9/TMEM9B	RNA polymerase II, heptapeptide repeat, eukaryotic|FAM186A, PQQAQ repeat|Golgin subfamily A member 6-like|Forkhead box protein P|Protein arginine N-methyltransferase|Dolichyl-diphosphooligosaccharide--protein glycosyltransferase subunit Swp1|LIPIN family|TMEM9/TMEM9B											0	0	0	0	0	0	0	0	0	0	0	0	0	0	0	0	0	0	0	0	0	0	0	0								false		false	false	false	2	2	0	0	0	0	0	0	0	0	0	0	0.009415199
EHMT1	NTNG2	9	9	137619049	132197966	+	+	+	+	duplication	CDS/splice-site	CDS/splice-site	ENST00000460843	ENST00000393229	in-frame	15	ENSP00000417980	ENSP00000376921	MAAADAE	AVPARGEPQQDCCVKTELLGEETPMAADEGSAEKQAGEAHMAADGETNGSCENSDASSHANAAKHTQDSARVNPQDGTNTLTRIAENGVSERDSEAAKQNHVTADDFVQTSVIGSNGYILNKPALQAQPLRTTSTLASSLPGHAAKTLPGGAGKGRTPSAFPQTPAAPPATLGEGSADTEDRKLPAPGADVKVHRARKTMPKSVVGLHAASKDPREVREARDHKEPKEEINKNISDFGRQQLLPPFPSLHQSLPQNQCYMATTKSQTACLPFVLAAAVSRKKKRRMGTYSLVPKKKTKVLKQRTVIEMFKSITHSTVGSKGEKDLGASSLHVNGESLEMDSDEDDSEELEEDDGHGAEQAAAFPTEDSRTSKESMSEADRAQKMDGESEEEQESVDTGEEEEGGDESDLSSESSIKKKFLKRKGKTDSPWIKPARKRRRRSRKKPSGALGSESYKSSAGSAEQTAPGDSTGYMEVSLDSLDLRVKGILSSQAEGLANGPDVLETDGLQEVPLCSCRMETPKSREITTLANNQCMATESVDHELGRCTNSVVKYELMRPSNKAPLLVLCEDHRGRMVKHQCCPGCGYFCTAGNFMECQPESSISHRFHKDCASRVNNASYCPHCGEESSKAKEVTIAKADTTSTVTPVPGQEKGSALEGRADTTTGSAAGPPLSEDDKLQGAASHVPEGFDPTGPAGLGRPTPGLSQGPGKETLESALIALDSEKPKKLRFHPKQLYFSARQGELQKVLLMLVDGIDPNFKMEHQNKRSPLHAAAEAGHVDICHMLVQAGANIDTCSEDQRTPLMEAAENNHLEAVKYLIKAGALVDPKDAEGSTCLHLAAKKGHYEVVQYLLSNGQMDVNCQDDGGWTPMIWATEYKHVDLVKLLLSKGSDINIRDNEENICLHWAAFSGCVDIAEILLAAKCDLHAVNIHGDSPLHIAARENRYDCVVLFLSRDSDVTLKNKEGETPLQCASLNSQVWSALQMSKALQDSAPDRPSPVERIVSRDIARGYERIPIPCVNAVDSEPCPSNYKYVSQNCVTSPMNIDRNITHLQYCVCIDDCSSSNCMCGQLSMRCWYDKDGRLLPEFNMAEPPLIFECNHACSCWRNCRNRVVQNGLRARLQLYRTRDMGWGVRSLQDIPPGTFVCEYVGELISDSEADVREEDSYLFDLDNKDGEVYCIDARFYGNVSRFINHHCEPNLVPVRVFMAHQDLRFPRIAFFSTRLIEAGEQLGFDYGERFWDIKGKLFSCRCGSPKCRHSSAALAQRQASAAQEAQEDGLPDTSSAAAADPL	MLHLLALFLHCLPLASGDYDICKSWVTTDEGPTWEFYACQPKVMRLKDYVKVKVEPSGITCGDPPERFCSHE	NPYLCSNECDASNPDLAHPPRLMFDKEEEGLATYWQSITWSRYPSPLEANITLSWNKTVELTDDVVMTFEYGRPTVMVLEKSLDNGRTWQPYQFYAEDCMEAFGMSARRARDMSSSSAHRVLCTEEYSRWAGSKKEKHVRFEVRDRFAIFAGPDLRNMDNLYTRLESAKGLKEFFTLTDLRMRLLRPALGGTYVQRENLYKYFYAISNIEVIGRCKCNLHANLCSMREGSLQCECEHNTTGPDCGKCKKNFRTRSWRAGSYLPLPHGSPNACATAGSFGNCECYGHSNRCSYIDFLNVVTCVSCKHNTRGQHCQHCRLGYYRNGSAELDDENVCIECNCNQIGSVHDRCNETGFCECREGAAGPKCDDCLPTHYWRQGCYPNVCDDDQLLCQNGGTCLQNQRCACPRGYTGVRCEQPRCDPADDDGGLDCDRAPGAAPRPATLLGCLLLLGLAARLGR	IPR002110|-|IPR012510|IPR050668|IPR000225|IPR002048|IPR001680|IPR001585	IPR043550|IPR042622|-|IPR050889|IPR050701|IPR050603|IPR026058|IPR043587	IPR003193|IPR026138|IPR053936|IPR039318|IPR050615|IPR001108|-|IPR050605	IPR050440|IPR050941|IPR051568|IPR050122|IPR037359|IPR050757|IPR039808|IPR040287	Ankyrin repeat|-|Actin-binding, Xin repeat|Cytochrome b5|Armadillo|EF-hand domain|WD40 repeat|Transaldolase/Fructose-6-phosphate aldolase	Histone-lysine N-methyltransferase EHMT1/EHMT2|Zinc finger protein 106|-|Dendritic Spine Regulation and Scaffold|Histone Modification Regulator|MYST family histone acetyltransferases|LIPIN family|Protein phosphatase Slingshot-like	ADP-ribosyl cyclase (CD38/157)|Ceroid-lipofuscinosis neuronal protein 5|Wntless, GOLD domain|Protein O-mannose kinase|ATP-dependent DNA Helicase|Peptidase A22A, presenilin|-|Olfactomedin-like domain-containing protein	Laminin/Netrin Extracellular Matrix|Cellular Communication Network Factor|LZTR1/Attractin|Receptor Tyrosine Kinase|Heparan sulfate sulfotransferase|Collagen-modifying Glycosyltransferase 25|Cadherin|Repulsive guidance molecule	19.19	20.364	12.07	18.607	0.942	1.3	0.0	0.93	0.0	0.0	0	0	0	0	0	0	0	0	0	0	0	0	0	0	0	1	1	0	0	0	0	0	0	0	ENSG00000181090	ENSG00000196358	ENST00000460843	137619005	ENST00000393229	132162058	2	true	0	true	false	true	1	1	0	0	0	0	0	0	0	0	0	0	0.058059443
ZNF676	ZNF536	19	19	22181580	30250113	-	-	-	+	duplication/5'-5'	CDS	intron	ENST00000650058	.	.	16	ENSP00000497897		MGALTFRDVAIEFSLEEWQCLDSTQQNLYRNVMLENYRNLVFLGIAAFKPDLIIFLEQGKEPWNMKRHEMVEEPPVIC	SHFSQEFWPEQGIEDSFQKMILRRYDKCGHENLHLKISCTNVDECNVHKEGYNKLNQSLTTTQSKVFQCGKYANVFHKCSNSNRHKIRHTGEKGLKCKEYVRSFCMLSHLSQHERIYTRENSYKCEENGKAFNWSSTLTYYKSIHTGEKPYKCEECGKAFSKFSILTKHKVIHTGEKPYKCEECGKAFNRSSILTKHKIIHTGEKPYKCEECGKGFSSVSTLNTHKAIHAEEKPYKCEECGKASNSSSKLMEHKRIHTGEKPYKCEECGKAFSWSSSLTEHKRIHAGEKPYKCEECGKAFNRSSILTKHKIIHTGEKPYKCEGCGKAFSKVSTLNTHKAIHAEEKPYKCEECGKASNSSSKLMEHKRIHTGEKPYKCEECGKAFSWSSSLTEHKRIHAGEKPYKCEECGKAFTWSSSFTKHKRIHAAEKPYKCEECGKGFSTFSILTKHKIIHTGEKRYKCEECGKAFSWSSILTEHKIIHTGEKPYKCEECGKAFSRSSSLTRHKRIHTGEKPYKCEECGKAFKSSSTVSYHKKIHTGENP	.	.	IPR001909|IPR050169|-|IPR055190|IPR019748	-|IPR050636|IPR050826|IPR050752|IPR050758|IPR050331|IPR050329|IPR050589	IPR049147|IPR025799|IPR008814|IPR000684|IPR026737|IPR050998|IPR026058|IPR008853	IPR000684|IPR049147|IPR026737|IPR050998|IPR025799|IPR008814|IPR026058|IPR008853	Krueppel-associated box|Krueppel C2H2-type zinc-finger|-|ATP synthase A/B type, C-terminal domain|FERM central domain	-|C2H2-type zinc finger domain-containing protein|Krueppel C2H2-type Zinc Finger|C2H2-type zinc-finger domain-containing protein|Zinc finger protein, C2H2-type|Zinc finger|GLI C2H2-type zinc-finger|Ikaros C2H2-type zinc-finger	FAM186A, PQQAQ repeat|Protein arginine N-methyltransferase|Dolichyl-diphosphooligosaccharide--protein glycosyltransferase subunit Swp1|RNA polymerase II, heptapeptide repeat, eukaryotic|Golgin subfamily A member 6-like|Forkhead box protein P|LIPIN family|TMEM9/TMEM9B	RNA polymerase II, heptapeptide repeat, eukaryotic|FAM186A, PQQAQ repeat|Golgin subfamily A member 6-like|Forkhead box protein P|Protein arginine N-methyltransferase|Dolichyl-diphosphooligosaccharide--protein glycosyltransferase subunit Swp1|LIPIN family|TMEM9/TMEM9B											0	0	0	1	0	0	0	0	0	0	0	0	0	0	0	0	0	0	0	1	0	0	0	0	ENSG00000196109						1	true		false	false	false	2	2	0	0	0	0	0	0	0	0	0	0	0.05892859
C5	FAM120A	9	9	120957329	93527154	-	+	-	+	inversion	CDS	intron	ENST00000223642	ENST00000277165	.	17	ENSP00000223642	ENSP00000277165	MGLLGILCFLIFLGKTWGQEQTYVISAPKIFRVGASENIVIQVYGYTEAFDATISIKSYPDKKFSYSSGHVHLSSENKFQNSAILTIQPKQLPGGQNPVSYVYLEVVSKHFSKSKRMPITYDNGFLFIHTDKPVYTPDQSVKVRVYSLNDDLKPAKRETVLTFIDPEGSEVDMVEEIDHIGIISFPDFKIPSNPRYGMWTIKAKYKEDFSTTGTAYFEVKEYVLPHFSVSIEPEYNFIGYKNFKNFEITIKARYFYNKVVTEADVYITFGIREDLKDDQKEMMQTAMQNTMLINGIAQVTFDSETAVKELSYYSLEDLNNKYLYIAVTVIESTGGFSEEAEIPGIKYVLSPYKLNLVATPLFLKPGIPYPIKVQVKDSLDQLVGGVPVTLNAQTIDVNQETSDLDPSKSVTRVDDGVASFVLNLPSGVTVLEFNVKTDAPDLPEENQAREGYRAIAYSSLSQSYLYIDWTDNHKALLVGEHLNIIVTPKSPYIDKITHYNYLILSKGKIIHFGTREKFSDASYQSINIPVTQNMVPSSRLLVYYIVTGEQTAELVSDSVWLNIEEKCGNQLQVHLSPDADAYSPGQTVSLNMATGMDSWVALAAVDSAVYGVQRGAKKPLERVFQFLEKSDLGCGAGGGLNNANVFHLAGLTFLTNANADDSQENDEPCKEILRPRRTLQKKIEEIAAKYKHSVVKKCCYDGACVNNDETCEQRAARISLGPRCIKAFTECCVVASQLRANISHKDMQLGRLHMKTLLPVSKPEIRSYFPESWLWEVHLVPRRKQLQFALPDSLTTWEIQGVGISNTGICVADTVKAKVFKDVFLEMNIPYSVVRGEQIQLKGTVYNYRTSGMQFCVKMSAVEGICTSESPVIDHQGTKSSKCVRQKVEGSSSHLVTFTVLPLEIGLHNINFSLETWFGKEILVKTLRVVPEGVKRESYSGVTLDPRGIYGTISRRKEFPYRIPLDLVPKTEIKRILSVKGLLVGEILSAVLSQEGINILTHLPKGSAEAELMSVVPVFYVFHYLETGNHWNIFHSDPLIEKQKLKKKLKEGMLSIMSYRNADYSYSVWKGGSASTWLTAFALRVLGQVNKYVEQNQNSICNSLLWLVENYQLDNGSFKENSQYQPIKLQGTLPVEARENSLYLTAFTVIGIRKAFDICPLVKIDTALIKADNFLLENTLPAQSTFTLAISAYALSLGDKTHPQFRSIVSALKREALVKGNPPIYRFWKDNLQHKDSSVPNTGTARMVETTAYALLTSLNLKDINYVNPVIKWLSEEQRYGGGFYSTQDTINAIEGLTEYSLLVKQLRLSMDIDVSYKHKGALHNYKMTDKNFLGRPVEVLLNDDLIVSTGFGSGLATVHVTTVVHKTSTSEEVCSFYLKIDTQDIEASHYRGYGNSDYKRIVACASYKPSREESSSGSSHAVMDISLPTGISANEEDLKALVEGVDQLFTDYQIKDGHVILQLNSIPSSDFLCVRFRIFELFEVGFLSPATFTVYEYHRPDKQCTMFYSTSNIKIQKVCEGAACKCVEADCGQMQEELDLTISAETRKQTACKPEIAYAYKVSITSITVENV	FVKYKATLLDIYKTGEAVAEKDSEITFIKKVTCTNAELVKGRQYLIMGKEALQIKYNFSFRYIYPLDSLTWIEYWPRDTTCSSCQAFLANLDEFAEDIFLNGC	.	.	IPR050473|-|IPR011626|IPR039373|IPR050449|IPR001747|IPR002890|IPR015812	IPR031777|IPR000734|IPR007990|IPR043406|IPR051142|IPR048593|IPR019577|-	IPR049147|IPR025799|IPR008814|IPR000684|IPR026737|IPR050998|IPR026058|IPR008853	IPR000684|IPR049147|IPR026737|IPR050998|IPR025799|IPR008814|IPR026058|IPR008853	Alpha-2-macroglobulin/Complement system|-|Alpha-macroglobulin-like, TED domain|Transferrin receptor protein 1/Glutamate carboxypeptidase 2-like|Ephrin receptor tyrosine kinases|Vitellogenin, N-terminal|Macroglobulin domain|Integrin beta subunit	Sortilin, C-terminal|Triacylglycerol lipase family|Prolactin-inducible protein|Transmembrane glycoprotein EPCAM/Trop-2|Glycosyltransferase 29|Acyloxyacyl hydrolase, N-terminal domain|SPARC/Testican, calcium-binding domain|-	FAM186A, PQQAQ repeat|Protein arginine N-methyltransferase|Dolichyl-diphosphooligosaccharide--protein glycosyltransferase subunit Swp1|RNA polymerase II, heptapeptide repeat, eukaryotic|Golgin subfamily A member 6-like|Forkhead box protein P|LIPIN family|TMEM9/TMEM9B	RNA polymerase II, heptapeptide repeat, eukaryotic|FAM186A, PQQAQ repeat|Golgin subfamily A member 6-like|Forkhead box protein P|Protein arginine N-methyltransferase|Dolichyl-diphosphooligosaccharide--protein glycosyltransferase subunit Swp1|LIPIN family|TMEM9/TMEM9B											0	0	0	0	0	0	0	0	0	0	0	0	0	0	0	1	1	0	0	0	0	0	0	0	ENSG00000106804	ENSG00000048828	ENST00000223642	121050275	ENST00000277165	93451685	1	true		false	false	false	2	2	0	0	0	0	0	0	0	0	0	0	0.009433759
CENPX	DUS1L	17	17	82022826	82065069	-	-	-	-	duplication	CDS/splice-site	5'UTR/splice-site	ENST00000306704	ENST00000306796	out-of-frame	18	ENSP00000302951	ENSP00000303515	MEGAGAGSGFRK	ELVSRLLHLHFKDDKTKEAAVRGVRQAQAEDALRVDVDQLEKVLPQLLLDF	.	.	-|IPR001680|IPR000225|IPR014837|IPR002048|IPR002110|IPR000408|IPR003961	IPR005615|IPR028796|IPR022712|IPR026170|IPR013787|IPR051316|IPR019412|IPR002738	IPR049147|IPR025799|IPR008814|IPR000684|IPR026737|IPR050998|IPR026058|IPR008853	IPR000684|IPR049147|IPR026737|IPR050998|IPR025799|IPR008814|IPR026058|IPR008853	-|WD40 repeat|Armadillo|EF-hand, Ca insensitive|EF-hand domain|Ankyrin repeat|Regulator of chromosome condensation, RCC1|Fibronectin type III	Glutathione synthase|Tetratricopeptide repeat protein 8|Beta-Casp domain|N-lysine methyltransferase FAM173A/B|S100/CaBP-9k-type, calcium binding, subdomain|Zinc-regulated GTPase metalloprotein activator|Inclusion body clearance protein Iml2/Tetratricopeptide repeat protein 39|RNase P subunit p30	FAM186A, PQQAQ repeat|Protein arginine N-methyltransferase|Dolichyl-diphosphooligosaccharide--protein glycosyltransferase subunit Swp1|RNA polymerase II, heptapeptide repeat, eukaryotic|Golgin subfamily A member 6-like|Forkhead box protein P|LIPIN family|TMEM9/TMEM9B	RNA polymerase II, heptapeptide repeat, eukaryotic|FAM186A, PQQAQ repeat|Golgin subfamily A member 6-like|Forkhead box protein P|Protein arginine N-methyltransferase|Dolichyl-diphosphooligosaccharide--protein glycosyltransferase subunit Swp1|LIPIN family|TMEM9/TMEM9B											0	0	0	0	0	0	0	0	0	0	0	0	0	0	0	1	1	0	0	0	0	0	0	0	ENSG00000169689	ENSG00000169718			ENST00000306796	82065804	2	true		false	false	false	2	2	0	0	0	0	0	0	0	0	0	0	0.000011414762
